{"count":1,"gauges":{"AnimalAI.CumulativeReward":{"count":301,"max":1.66466689,"min":-1.93666577,"value":-1.00467312,"weightedAverage":-1.03947365}},"self":65.1179712,"total":1708.238075,"children":{"AgentSendState":{"count":232417,"self":1.558295,"total":181.82346199999998,"children":{"CollectObservations":{"count":77674,"self":0.22963899999999998,"total":0.22963899999999998,"children":null},"CollectDiscreteActionMasks":{"count":77674,"self":0.174428,"total":0.174428,"children":null},"AgentInfo.ToProto":{"count":77674,"self":0.56981399999999993,"total":179.8611,"children":{"GenerateSensorData":{"count":77674,"self":1.6885299999999999,"total":179.29128599999999,"children":{"CameraSensor.GetCompressedObservation":{"count":77674,"self":177.60275199999998,"total":177.602756,"children":null}}}}}}},"DecideAction":{"count":232417,"self":1459.1087616,"total":1459.108732,"children":null},"AgentAct":{"count":232417,"self":1.526446,"total":1.904583,"children":{"AgentInfo.ToProto":{"count":159,"self":0.001157,"total":0.378137,"children":{"GenerateSensorData":{"count":159,"self":0.003025,"total":0.37698,"children":{"CameraSensor.GetCompressedObservation":{"count":159,"self":0.373955,"total":0.373955,"children":null}}}}}}},"AgentInfo.ToProto":{"count":142,"self":0.0011489999999999998,"total":0.28256,"children":{"GenerateSensorData":{"count":142,"self":0.002693,"total":0.28141099999999997,"children":{"CameraSensor.GetCompressedObservation":{"count":142,"self":0.27871799999999997,"total":0.27871799999999997,"children":null}}}}}}}