{"count":1,"gauges":{"AnimalAI.CumulativeReward":{"count":151,"max":1.66466689,"min":-1.96133256,"value":-1.00467312,"weightedAverage":-0.943570852}},"self":31.8395744,"total":828.08161499999994,"children":{"AgentSendState":{"count":112584,"self":0.773041,"total":88.008624,"children":{"CollectObservations":{"count":37630,"self":0.110473,"total":0.110473,"children":null},"CollectDiscreteActionMasks":{"count":37630,"self":0.084243,"total":0.084243,"children":null},"AgentInfo.ToProto":{"count":37630,"self":0.275694,"total":87.040866999999992,"children":{"GenerateSensorData":{"count":37630,"self":0.677188,"total":86.76517299999999,"children":{"CameraSensor.GetCompressedObservation":{"count":37630,"self":86.0879872,"total":86.087984999999989,"children":null}}}}}}},"DecideAction":{"count":112584,"self":707.14332159999992,"total":707.14331099999993,"children":null},"AgentAct":{"count":112584,"self":0.761444,"total":0.940631,"children":{"AgentInfo.ToProto":{"count":80,"self":0.000558,"total":0.17918699999999999,"children":{"GenerateSensorData":{"count":80,"self":0.001271,"total":0.17862899999999998,"children":{"CameraSensor.GetCompressedObservation":{"count":80,"self":0.177358,"total":0.177358,"children":null}}}}}}},"AgentInfo.ToProto":{"count":71,"self":0.00058599999999999993,"total":0.148634,"children":{"GenerateSensorData":{"count":71,"self":0.001588,"total":0.14804799999999999,"children":{"CameraSensor.GetCompressedObservation":{"count":71,"self":0.14646,"total":0.14646,"children":null}}}}}}}