{"count":1,"gauges":{"AnimalAI.CumulativeReward":{"count":833,"max":35.9622269,"min":-1.754669,"value":-1.0006783,"weightedAverage":-1.00066209}},"self":223.2604672,"total":7338.048156,"children":{"AgentSendState":{"count":719084,"self":5.30818,"total":1167.068798,"children":{"CollectObservations":{"count":240282,"self":0.740413,"total":0.740413,"children":null},"CollectDiscreteActionMasks":{"count":240282,"self":0.57435399999999992,"total":0.57435399999999992,"children":null},"AgentInfo.ToProto":{"count":240282,"self":1.8688049999999998,"total":1160.445851,"children":{"GenerateSensorData":{"count":240282,"self":13.5788,"total":1158.5770459999999,"children":{"CameraSensor.GetCompressedObservation":{"count":240282,"self":1144.9981952,"total":1144.9982459999999,"children":null}}}}}}},"DecideAction":{"count":719084,"self":5938.3332863999995,"total":5938.3333589999993,"children":null},"AgentAct":{"count":719084,"self":5.2670128,"total":7.9017339999999994,"children":{"AgentInfo.ToProto":{"count":542,"self":0.004236,"total":2.634721,"children":{"GenerateSensorData":{"count":542,"self":0.030826,"total":2.6304849999999997,"children":{"CameraSensor.GetCompressedObservation":{"count":542,"self":2.599659,"total":2.599659,"children":null}}}}}}},"AgentInfo.ToProto":{"count":291,"self":0.002516,"total":1.48305,"children":{"GenerateSensorData":{"count":291,"self":0.019461,"total":1.480534,"children":{"CameraSensor.GetCompressedObservation":{"count":291,"self":1.4610729999999998,"total":1.4610729999999998,"children":null}}}}}}}