{"count":1,"gauges":{},"self":0.419437,"total":7.1754539999999993,"children":{"AgentSendState":{"count":834,"self":0.007989,"total":0.64064999999999994,"children":{"CollectObservations":{"count":280,"self":0.0013009999999999999,"total":0.0013009999999999999,"children":null},"CollectDiscreteActionMasks":{"count":280,"self":0.00065699999999999992,"total":0.00065699999999999992,"children":null},"AgentInfo.ToProto":{"count":280,"self":0.0026539999999999997,"total":0.630703,"children":{"GenerateSensorData":{"count":280,"self":0.0070129999999999993,"total":0.628049,"children":{"CameraSensor.GetCompressedObservation":{"count":280,"self":0.62103599999999992,"total":0.62103599999999992,"children":null}}}}}}},"DecideAction":{"count":834,"self":6.1083007999999994,"total":6.108301,"children":null},"AgentAct":{"count":834,"self":0.006188,"total":0.006188,"children":null}}}