{"count":1,"gauges":{"AnimalAI.CumulativeReward":{"count":16466,"max":4.85724,"min":-1.920022,"value":0.919,"weightedAverage":0.9189695}},"self":76.2693376,"total":6847.048699,"children":{"AgentSendState":{"count":148584,"self":5.304276,"total":1300.1143789999999,"children":{"CollectObservations":{"count":396304,"self":1.4850349999999999,"total":1.4850349999999999,"children":null},"CollectDiscreteActionMasks":{"count":396304,"self":0.711135,"total":0.711135,"children":null},"AgentInfo.ToProto":{"count":396304,"self":3.116846,"total":1292.6139329999999,"children":{"GenerateSensorData":{"count":396304,"self":13.9550976,"total":1289.497087,"children":{"CameraSensor.GetCompressedObservation":{"count":396304,"self":1275.5420159999999,"total":1275.54199,"children":null}}}}}}},"DecideAction":{"count":148584,"self":5407.88736,"total":5407.887373,"children":null},"AgentAct":{"count":148584,"self":2.542839,"total":2.875911,"children":{"AgentInfo.ToProto":{"count":99,"self":0.001137,"total":0.333072,"children":{"GenerateSensorData":{"count":99,"self":0.003202,"total":0.331935,"children":{"CameraSensor.GetCompressedObservation":{"count":99,"self":0.328733,"total":0.328733,"children":null}}}}}}},"AgentInfo.ToProto":{"count":16367,"self":0.17044499999999999,"total":59.900901,"children":{"GenerateSensorData":{"count":16367,"self":0.581445,"total":59.730456,"children":{"CameraSensor.GetCompressedObservation":{"count":16367,"self":59.1490112,"total":59.149010999999994,"children":null}}}}}}}total":59.573491999999995,"children":null}}}}}}}