{"count":1,"gauges":{"AnimalAI.CumulativeReward":{"count":699,"max":36.9620934,"min":-1.952965,"value":3.98838854,"weightedAverage":3.75955129}},"self":205.6947712,"total":8157.8599159999994,"children":{"AgentSendState":{"count":523167,"self":5.6666408,"total":1232.129835,"children":{"CollectObservations":{"count":174856,"self":0.759243,"total":0.759243,"children":null},"CollectDiscreteActionMasks":{"count":174856,"self":0.538797,"total":0.538797,"children":null},"AgentInfo.ToProto":{"count":174856,"self":2.35704,"total":1225.165154,"children":{"GenerateSensorData":{"count":174856,"self":23.638047999999998,"total":1222.808114,"children":{"CameraSensor.GetCompressedObservation":{"count":174856,"self":1199.170048,"total":1199.170066,"children":null}}}}}}},"DecideAction":{"count":523167,"self":6709.4265855999993,"total":6709.4265989999994,"children":null},"AgentAct":{"count":523167,"self":5.671062,"total":8.508098,"children":{"AgentInfo.ToProto":{"count":410,"self":0.005371,"total":2.837036,"children":{"GenerateSensorData":{"count":410,"self":0.05037,"total":2.8316649999999997,"children":{"CameraSensor.GetCompressedObservation":{"count":410,"self":2.781295,"total":2.781295,"children":null}}}}}}},"AgentInfo.ToProto":{"count":289,"self":0.004285,"total":2.099669,"children":{"GenerateSensorData":{"count":289,"self":0.047008,"total":2.0953839999999997,"children":{"CameraSensor.GetCompressedObservation":{"count":289,"self":2.0483759999999998,"total":2.0483759999999998,"children":null}}}}}}}