{"count":1,"gauges":{"AnimalAI.CumulativeReward":{"count":91,"max":1.59700036,"min":-3.18866658,"value":-1.16333318,"weightedAverage":-1.20816016}},"self":16.9305888,"total":455.682554,"children":{"AgentSendState":{"count":59834,"self":0.40781799999999996,"total":46.687573,"children":{"CollectObservations":{"count":20006,"self":0.059047999999999996,"total":0.059047999999999996,"children":null},"CollectDiscreteActionMasks":{"count":20006,"self":0.046308999999999996,"total":0.046308999999999996,"children":null},"AgentInfo.ToProto":{"count":20006,"self":0.145834,"total":46.174398,"children":{"GenerateSensorData":{"count":20006,"self":0.369256,"total":46.028563999999996,"children":{"CameraSensor.GetCompressedObservation":{"count":20006,"self":45.6593088,"total":45.659307999999996,"children":null}}}}}}},"DecideAction":{"count":59834,"self":391.4718464,"total":391.471845,"children":null},"AgentAct":{"count":59834,"self":0.39788599999999996,"total":0.490521,"children":{"AgentInfo.ToProto":{"count":40,"self":0.00029299999999999997,"total":0.092635,"children":{"GenerateSensorData":{"count":40,"self":0.00065299999999999993,"total":0.092342,"children":{"CameraSensor.GetCompressedObservation":{"count":40,"self":0.091688999999999993,"total":0.091688999999999993,"children":null}}}}}}},"AgentInfo.ToProto":{"count":51,"self":0.000416,"total":0.101269,"children":{"GenerateSensorData":{"count":51,"self":0.00086199999999999992,"total":0.100853,"children":{"CameraSensor.GetCompressedObservation":{"count":51,"self":0.099991,"total":0.099991,"children":null}}}}}}}