{"count":1,"gauges":{"AnimalAI.CumulativeReward":{"count":183,"max":1.75266767,"min":-5.055799,"value":-1.00467312,"weightedAverage":-0.675275147}},"self":38.258688,"total":898.51147299999991,"children":{"AgentSendState":{"count":137584,"self":0.926207,"total":108.178433,"children":{"CollectObservations":{"count":46063,"self":0.13583199999999998,"total":0.13583199999999998,"children":null},"CollectDiscreteActionMasks":{"count":46063,"self":0.103918,"total":0.103918,"children":null},"AgentInfo.ToProto":{"count":46063,"self":0.336344,"total":107.01247599999999,"children":{"GenerateSensorData":{"count":46063,"self":0.85776999999999992,"total":106.676132,"children":{"CameraSensor.GetCompressedObservation":{"count":46063,"self":105.81836159999999,"total":105.818362,"children":null}}}}}}},"DecideAction":{"count":137584,"self":750.8868608,"total":750.886843,"children":null},"AgentAct":{"count":137584,"self":0.83433399999999991,"total":0.906863,"children":{"AgentInfo.ToProto":{"count":33,"self":0.00024099999999999998,"total":0.072529,"children":{"GenerateSensorData":{"count":33,"self":0.00096999999999999994,"total":0.072287999999999991,"children":{"CameraSensor.GetCompressedObservation":{"count":33,"self":0.071317999999999993,"total":0.071317999999999993,"children":null}}}}}}},"AgentInfo.ToProto":{"count":150,"self":0.001246,"total":0.27987999999999996,"children":{"GenerateSensorData":{"count":150,"self":0.003836,"total":0.278634,"children":{"CameraSensor.GetCompressedObservation":{"count":150,"self":0.274798,"total":0.274798,"children":null}}}}}}}