{"count":1,"gauges":{"AnimalAI.CumulativeReward":{"count":304,"max":1.65666783,"min":-1.39833307,"value":1.64466691,"weightedAverage":-0.194397658}},"self":34.8274784,"total":708.921626,"children":{"AgentSendState":{"count":124834,"self":0.882254,"total":97.634582,"children":{"CollectObservations":{"count":41813,"self":0.124175,"total":0.124175,"children":null},"CollectDiscreteActionMasks":{"count":41813,"self":0.096214,"total":0.096214,"children":null},"AgentInfo.ToProto":{"count":41813,"self":0.335676,"total":96.531939,"children":{"GenerateSensorData":{"count":41813,"self":0.821772,"total":96.196263,"children":{"CameraSensor.GetCompressedObservation":{"count":41813,"self":95.37448959999999,"total":95.374490999999992,"children":null}}}}}}},"DecideAction":{"count":124834,"self":575.08044799999993,"total":575.080436,"children":null},"AgentAct":{"count":124834,"self":0.78599199999999991,"total":1.020769,"children":{"AgentInfo.ToProto":{"count":118,"self":0.000891,"total":0.23477699999999999,"children":{"GenerateSensorData":{"count":118,"self":0.0024619999999999998,"total":0.23388599999999998,"children":{"CameraSensor.GetCompressedObservation":{"count":118,"self":0.231424,"total":0.231424,"children":null}}}}}}},"AgentInfo.ToProto":{"count":186,"self":0.0016229999999999999,"total":0.35756899999999997,"children":{"GenerateSensorData":{"count":186,"self":0.0030629999999999998,"total":0.355946,"children":{"CameraSensor.GetCompressedObservation":{"count":186,"self":0.352883,"total":0.352883,"children":null}}}}}}}