{"count":1,"gauges":{"AnimalAI.CumulativeReward":{"count":9888,"max":13.1120682,"min":-4.99350071,"value":1.31533229,"weightedAverage":1.2371403}},"self":2210.180096,"total":159501.786271,"children":{"AgentSendState":{"count":3385417,"self":159.1373184,"total":40291.501501,"children":{"CollectObservations":{"count":9027784,"self":45.4858944,"total":45.485893,"children":null},"CollectDiscreteActionMasks":{"count":9027784,"self":28.147888,"total":28.147886999999997,"children":null},"AgentInfo.ToProto":{"count":9027784,"self":92.7275456,"total":40058.730406999995,"children":{"GenerateSensorData":{"count":9027784,"self":338.2823936,"total":39966.002861,"children":{"CameraSensor.GetCompressedObservation":{"count":9027784,"self":39627.7219328,"total":39627.720456999996,"children":null}}}}}}},"DecideAction":{"count":3385417,"self":116892.1591808,"total":116892.153817,"children":null},"AgentAct":{"count":3385417,"self":60.801734399999994,"total":63.545953,"children":{"AgentInfo.ToProto":{"count":616,"self":0.007287,"total":2.7442189999999997,"children":{"GenerateSensorData":{"count":616,"self":0.034436999999999995,"total":2.736932,"children":{"CameraSensor.GetCompressedObservation":{"count":616,"self":2.702495,"total":2.702495,"children":null}}}}}}},"AgentInfo.ToProto":{"count":9272,"self":0.12257799999999999,"total":44.404213999999996,"children":{"GenerateSensorData":{"count":9272,"self":0.47186799999999995,"total":44.281636,"children":{"CameraSensor.GetCompressedObservation":{"count":9272,"self":43.8097664,"total":43.809768,"children":null}}}}}}}