{"count":1,"gauges":{"AnimalAI.CumulativeReward":{"count":158,"max":9.59878349,"min":-1.99869,"value":-1.00133979,"weightedAverage":0.470478}},"self":41.266118399999996,"total":1195.808713,"children":{"AgentSendState":{"count":132167,"self":1.410218,"total":89.701008,"children":{"CollectObservations":{"count":44191,"self":0.214499,"total":0.214499,"children":null},"CollectDiscreteActionMasks":{"count":44191,"self":0.17077299999999998,"total":0.17077299999999998,"children":null},"AgentInfo.ToProto":{"count":44191,"self":0.531476,"total":87.905518,"children":{"GenerateSensorData":{"count":44191,"self":1.1723219999999999,"total":87.374042,"children":{"CameraSensor.GetCompressedObservation":{"count":44191,"self":86.2017216,"total":86.20172,"children":null}}}}}}},"DecideAction":{"count":132167,"self":1063.26016,"total":1063.260124,"children":null},"AgentAct":{"count":132167,"self":1.269441,"total":1.579942,"children":{"AgentInfo.ToProto":{"count":158,"self":0.0019279999999999998,"total":0.31050099999999997,"children":{"GenerateSensorData":{"count":158,"self":0.0038169999999999996,"total":0.308573,"children":{"CameraSensor.GetCompressedObservation":{"count":158,"self":0.30475599999999997,"total":0.30475599999999997,"children":null}}}}}}}}}