{"count":1,"gauges":{"AnimalAI.CumulativeReward":{"count":78,"max":-1.0006783,"min":-1.0006783,"value":-1.0006783,"weightedAverage":-1.0006783}},"self":33.989868799999996,"total":894.869608,"children":{"AgentSendState":{"count":118501,"self":0.824747,"total":93.389707,"children":{"CollectObservations":{"count":39554,"self":0.115274,"total":0.115274,"children":null},"CollectDiscreteActionMasks":{"count":39554,"self":0.090165,"total":0.090165,"children":null},"AgentInfo.ToProto":{"count":39554,"self":0.298342,"total":92.359521,"children":{"GenerateSensorData":{"count":39554,"self":0.704368,"total":92.061179,"children":{"CameraSensor.GetCompressedObservation":{"count":39554,"self":91.3568128,"total":91.356811,"children":null}}}}}}},"DecideAction":{"count":118501,"self":766.53680639999993,"total":766.536789,"children":null},"AgentAct":{"count":118501,"self":0.79029299999999991,"total":0.95247799999999994,"children":{"AgentInfo.ToProto":{"count":78,"self":0.000581,"total":0.162185,"children":{"GenerateSensorData":{"count":78,"self":0.001408,"total":0.161604,"children":{"CameraSensor.GetCompressedObservation":{"count":78,"self":0.160196,"total":0.160196,"children":null}}}}}}}}}