{"count":1,"gauges":{"AnimalAI.CumulativeReward":{"count":92,"max":1.3379941,"min":-5.326365,"value":-1.74395776,"weightedAverage":-1.48820281}},"self":71.5720832,"total":2085.272754,"children":{"AgentSendState":{"count":248167,"self":1.676164,"total":195.916216,"children":{"CollectObservations":{"count":82857,"self":0.241856,"total":0.241856,"children":null},"CollectDiscreteActionMasks":{"count":82857,"self":0.18801099999999998,"total":0.18801099999999998,"children":null},"AgentInfo.ToProto":{"count":82857,"self":0.61079699999999992,"total":193.810185,"children":{"GenerateSensorData":{"count":82857,"self":1.5149679999999999,"total":193.199388,"children":{"CameraSensor.GetCompressedObservation":{"count":82857,"self":191.684416,"total":191.68442,"children":null}}}}}}},"DecideAction":{"count":248167,"self":1815.9314944,"total":1815.931564,"children":null},"AgentAct":{"count":248167,"self":1.6478199999999998,"total":1.848417,"children":{"AgentInfo.ToProto":{"count":90,"self":0.000652,"total":0.200597,"children":{"GenerateSensorData":{"count":90,"self":0.001429,"total":0.19994499999999998,"children":{"CameraSensor.GetCompressedObservation":{"count":90,"self":0.198516,"total":0.198516,"children":null}}}}}}},"AgentInfo.ToProto":{"count":2,"self":2.1E-05,"total":0.0036829999999999996,"children":{"GenerateSensorData":{"count":2,"self":3.7E-05,"total":0.003662,"children":{"CameraSensor.GetCompressedObservation":{"count":2,"self":0.0036249999999999998,"total":0.0036249999999999998,"children":null}}}}}}}