{"count":1,"gauges":{"AnimalAI.CumulativeReward":{"count":29,"max":1.76866722,"min":-0.5036816,"value":0.6590012,"weightedAverage":0.7895512}},"self":2.875121,"total":43.293875,"children":{"AgentSendState":{"count":9167,"self":0.092137,"total":5.882661,"children":{"CollectObservations":{"count":3124,"self":0.01407,"total":0.01407,"children":null},"CollectDiscreteActionMasks":{"count":3124,"self":0.010934,"total":0.010934,"children":null},"AgentInfo.ToProto":{"count":3124,"self":0.034061999999999995,"total":5.7655199999999995,"children":{"GenerateSensorData":{"count":3124,"self":0.071749,"total":5.731458,"children":{"CameraSensor.GetCompressedObservation":{"count":3124,"self":5.6597088,"total":5.6597089999999994,"children":null}}}}}}},"DecideAction":{"count":9167,"self":34.41048,"total":34.410481,"children":null},"AgentAct":{"count":9167,"self":0.070445,"total":0.070445,"children":null},"AgentInfo.ToProto":{"count":29,"self":0.00037,"total":0.054418999999999995,"children":{"GenerateSensorData":{"count":29,"self":0.00066599999999999993,"total":0.054049,"children":{"CameraSensor.GetCompressedObservation":{"count":29,"self":0.053383,"total":0.053383,"children":null}}}}}}}