{"count":1,"gauges":{"AnimalAI.CumulativeReward":{"count":96,"max":4.88557243,"min":-4.13781452,"value":1.16331124,"weightedAverage":1.52463651}},"self":18.2337408,"total":1498.4507179999998,"children":{"AgentSendState":{"count":32334,"self":1.119904,"total":379.900988,"children":{"CollectObservations":{"count":86232,"self":0.309922,"total":0.309922,"children":null},"CollectDiscreteActionMasks":{"count":86232,"self":0.15559199999999998,"total":0.15559199999999998,"children":null},"AgentInfo.ToProto":{"count":86232,"self":0.626199,"total":378.31557,"children":{"GenerateSensorData":{"count":86232,"self":2.445665,"total":377.689371,"children":{"CameraSensor.GetCompressedObservation":{"count":86232,"self":375.2436992,"total":375.243706,"children":null}}}}}}},"DecideAction":{"count":32334,"self":1099.3985536,"total":1099.398527,"children":null},"AgentAct":{"count":32334,"self":0.48612,"total":0.55307299999999993,"children":{"AgentInfo.ToProto":{"count":18,"self":0.000147,"total":0.066953,"children":{"GenerateSensorData":{"count":18,"self":0.001096,"total":0.06680599999999999,"children":{"CameraSensor.GetCompressedObservation":{"count":18,"self":0.065709999999999991,"total":0.065709999999999991,"children":null}}}}}}},"AgentInfo.ToProto":{"count":78,"self":0.00073,"total":0.363629,"children":{"GenerateSensorData":{"count":78,"self":0.0024089999999999997,"total":0.36289899999999997,"children":{"CameraSensor.GetCompressedObservation":{"count":78,"self":0.36049,"total":0.36049,"children":null}}}}}}}