{"count":1,"gauges":{},"self":0.26958,"total":6.737577,"children":{"AgentSendState":{"count":84,"self":0.0049239999999999996,"total":0.84255399999999991,"children":{"CollectObservations":{"count":232,"self":0.001199,"total":0.001199,"children":null},"CollectDiscreteActionMasks":{"count":232,"self":0.00052399999999999994,"total":0.00052399999999999994,"children":null},"AgentInfo.ToProto":{"count":232,"self":0.002154,"total":0.835907,"children":{"GenerateSensorData":{"count":232,"self":0.0076929999999999993,"total":0.833753,"children":{"CameraSensor.GetCompressedObservation":{"count":232,"self":0.82606,"total":0.82606,"children":null}}}}}}},"DecideAction":{"count":84,"self":5.622204,"total":5.622204,"children":null},"AgentAct":{"count":84,"self":0.0022689999999999997,"total":0.0022689999999999997,"children":null}}}