{"count":1,"gauges":{"AnimalAI.CumulativeReward":{"count":26302,"max":3.91600013,"min":-7.853266,"value":3.12766743,"weightedAverage":2.9483242}},"self":564.2279936,"total":33282.64539,"children":{"AgentSendState":{"count":1118751,"self":52.3185504,"total":10924.774249,"children":{"CollectObservations":{"count":2994184,"self":14.6041744,"total":14.604175,"children":null},"CollectDiscreteActionMasks":{"count":2994184,"self":9.5303808,"total":9.530381,"children":null},"AgentInfo.ToProto":{"count":2994184,"self":30.789523199999998,"total":10848.321143,"children":{"GenerateSensorData":{"count":2994184,"self":103.7429696,"total":10817.531621,"children":{"CameraSensor.GetCompressedObservation":{"count":2994184,"self":10713.788416,"total":10713.788649,"children":null}}}}}}},"DecideAction":{"count":1118751,"self":21671.8278656,"total":21671.828428999997,"children":null},"AgentAct":{"count":1118751,"self":19.526111999999998,"total":19.526111999999998,"children":null},"AgentInfo.ToProto":{"count":26302,"self":0.35640499999999997,"total":102.28779499999999,"children":{"GenerateSensorData":{"count":26302,"self":1.257591,"total":101.93139,"children":{"CameraSensor.GetCompressedObservation":{"count":26302,"self":100.6737984,"total":100.673799,"children":null}}}}}}}