{"count":1,"gauges":{"AnimalAI.CumulativeReward":{"count":358,"max":0.943,"min":-1.99202323,"value":0.8883333,"weightedAverage":0.649249434}},"self":5.7019579999999994,"total":431.559082,"children":{"AgentSendState":{"count":10834,"self":0.42702999999999997,"total":105.97679,"children":{"CollectObservations":{"count":28968,"self":0.11365199999999999,"total":0.11365199999999999,"children":null},"CollectDiscreteActionMasks":{"count":28968,"self":0.054660999999999994,"total":0.054660999999999994,"children":null},"AgentInfo.ToProto":{"count":28968,"self":0.23115999999999998,"total":105.381447,"children":{"GenerateSensorData":{"count":28968,"self":1.052564,"total":105.15028699999999,"children":{"CameraSensor.GetCompressedObservation":{"count":28968,"self":104.0977216,"total":104.097723,"children":null}}}}}}},"DecideAction":{"count":10834,"self":318.2083584,"total":318.208368,"children":null},"AgentAct":{"count":10834,"self":0.22183499999999998,"total":0.36897399999999997,"children":{"AgentInfo.ToProto":{"count":40,"self":0.00039099999999999996,"total":0.147139,"children":{"GenerateSensorData":{"count":40,"self":0.000979,"total":0.146748,"children":{"CameraSensor.GetCompressedObservation":{"count":40,"self":0.14576899999999998,"total":0.14576899999999998,"children":null}}}}}}},"AgentInfo.ToProto":{"count":318,"self":0.0036079999999999997,"total":1.3020939999999999,"children":{"GenerateSensorData":{"count":318,"self":0.011001,"total":1.298486,"children":{"CameraSensor.GetCompressedObservation":{"count":318,"self":1.287485,"total":1.287485,"children":null}}}}}}}