{"count":1,"gauges":{"AnimalAI.CumulativeReward":{"count":10230,"max":3.94666672,"min":-756.0518,"value":2.18099666,"weightedAverage":1.79149389}},"self":583.0415872,"total":39672.16637,"children":{"AgentSendState":{"count":1240334,"self":54.0212224,"total":7334.9012509999993,"children":{"CollectObservations":{"count":3319880,"self":15.0901216,"total":15.090122,"children":null},"CollectDiscreteActionMasks":{"count":3319880,"self":10.2026224,"total":10.202622,"children":null},"AgentInfo.ToProto":{"count":3319880,"self":30.776665599999998,"total":7255.5872869999994,"children":{"GenerateSensorData":{"count":3319880,"self":96.309376,"total":7224.8106229999994,"children":{"CameraSensor.GetCompressedObservation":{"count":3319880,"self":7128.5014527999992,"total":7128.5012469999992,"children":null}}}}}}},"DecideAction":{"count":1240334,"self":31708.7121408,"total":31708.71312,"children":null},"AgentAct":{"count":1240334,"self":18.537387199999998,"total":18.537387,"children":null},"AgentInfo.ToProto":{"count":10230,"self":0.126146,"total":26.972289999999997,"children":{"GenerateSensorData":{"count":10230,"self":0.40919,"total":26.846144,"children":{"CameraSensor.GetCompressedObservation":{"count":10230,"self":26.4369536,"total":26.436954,"children":null}}}}}}}