{"count":1,"gauges":{"AnimalAI.CumulativeReward":{"count":301,"max":1.65300035,"min":-1.38766634,"value":-1.12099993,"weightedAverage":-0.5135048}},"self":37.027849599999996,"total":776.404003,"children":{"AgentSendState":{"count":134334,"self":0.928708,"total":104.819339,"children":{"CollectObservations":{"count":44980,"self":0.13297599999999998,"total":0.13297599999999998,"children":null},"CollectDiscreteActionMasks":{"count":44980,"self":0.102599,"total":0.102599,"children":null},"AgentInfo.ToProto":{"count":44980,"self":0.350624,"total":103.655056,"children":{"GenerateSensorData":{"count":44980,"self":0.862792,"total":103.30443199999999,"children":{"CameraSensor.GetCompressedObservation":{"count":44980,"self":102.4416384,"total":102.44163999999999,"children":null}}}}}}},"DecideAction":{"count":134334,"self":633.07023359999994,"total":633.070254,"children":null},"AgentAct":{"count":134334,"self":0.86290499999999992,"total":1.171155,"children":{"AgentInfo.ToProto":{"count":139,"self":0.001014,"total":0.30824999999999997,"children":{"GenerateSensorData":{"count":139,"self":0.002313,"total":0.307236,"children":{"CameraSensor.GetCompressedObservation":{"count":139,"self":0.304923,"total":0.304923,"children":null}}}}}}},"AgentInfo.ToProto":{"count":162,"self":0.001357,"total":0.314644,"children":{"GenerateSensorData":{"count":162,"self":0.003627,"total":0.313287,"children":{"CameraSensor.GetCompressedObservation":{"count":162,"self":0.30966,"total":0.30966,"children":null}}}}}}}