{"count":1,"gauges":{"AnimalAI.CumulativeReward":{"count":5,"max":82.3935547,"min":5.742802,"value":37.4228859,"weightedAverage":47.24494}},"self":13.5887856,"total":427.710918,"children":{"AgentSendState":{"count":44917,"self":0.38790199999999997,"total":26.492155,"children":{"CollectObservations":{"count":15125,"self":0.053169,"total":0.053169,"children":null},"CollectDiscreteActionMasks":{"count":15125,"self":0.039777,"total":0.039777,"children":null},"AgentInfo.ToProto":{"count":15125,"self":0.15648399999999998,"total":26.011307,"children":{"GenerateSensorData":{"count":15125,"self":0.385052,"total":25.854823,"children":{"CameraSensor.GetCompressedObservation":{"count":15125,"self":25.4697712,"total":25.469770999999998,"children":null}}}}}}},"DecideAction":{"count":44917,"self":387.2843008,"total":387.284312,"children":null},"AgentAct":{"count":44917,"self":0.337117,"total":0.34488199999999997,"children":{"AgentInfo.ToProto":{"count":5,"self":4.6E-05,"total":0.0077649999999999993,"children":{"GenerateSensorData":{"count":5,"self":0.00012299999999999998,"total":0.0077189999999999993,"children":{"CameraSensor.GetCompressedObservation":{"count":5,"self":0.0075959999999999995,"total":0.0075959999999999995,"children":null}}}}}}}}}