{"count":1,"gauges":{"AnimalAI.CumulativeReward":{"count":24802,"max":3.94266677,"min":-1.98535645,"value":1.83000028,"weightedAverage":1.823233}},"self":2778.6643455999997,"total":29854.116874,"children":{"AgentSendState":{"count":611917,"self":52.8513184,"total":22596.388225,"children":{"CollectObservations":{"count":1632888,"self":15.067198399999999,"total":15.067198999999999,"children":null},"CollectDiscreteActionMasks":{"count":1632888,"self":10.9446208,"total":10.944621,"children":null},"AgentInfo.ToProto":{"count":1632888,"self":29.7078784,"total":22517.525085999998,"children":{"GenerateSensorData":{"count":1632888,"self":112.1062656,"total":22487.817206,"children":{"CameraSensor.GetCompressedObservation":{"count":1632888,"self":22375.71072,"total":22375.710945,"children":null}}}}}}},"DecideAction":{"count":611917,"self":4006.8378623999997,"total":4006.83769,"children":null},"AgentAct":{"count":611917,"self":19.677155199999998,"total":29.463269999999998,"children":{"AgentInfo.ToProto":{"count":567,"self":0.010908,"total":9.786114,"children":{"GenerateSensorData":{"count":567,"self":0.029464999999999998,"total":9.775205999999999,"children":{"CameraSensor.GetCompressedObservation":{"count":567,"self":9.7457408,"total":9.7457409999999989,"children":null}}}}}}},"AgentInfo.ToProto":{"count":24235,"self":0.484571,"total":442.76255899999995,"children":{"GenerateSensorData":{"count":24235,"self":1.492831,"total":442.277988,"children":{"CameraSensor.GetCompressedObservation":{"count":24235,"self":440.785152,"total":440.78515699999997,"children":null}}}}}}}