{"count":1,"gauges":{"AnimalAI.CumulativeReward":{"count":3,"max":252.61055,"min":49.80599,"value":61.7671,"weightedAverage":166.873825}},"self":27.4602048,"total":890.110409,"children":{"AgentSendState":{"count":90751,"self":0.78874099999999991,"total":53.839175999999995,"children":{"CollectObservations":{"count":30530,"self":0.107697,"total":0.107697,"children":null},"CollectDiscreteActionMasks":{"count":30530,"self":0.080128999999999992,"total":0.080128999999999992,"children":null},"AgentInfo.ToProto":{"count":30530,"self":0.318468,"total":52.862609,"children":{"GenerateSensorData":{"count":30530,"self":0.819576,"total":52.544140999999996,"children":{"CameraSensor.GetCompressedObservation":{"count":30530,"self":51.7245664,"total":51.724565,"children":null}}}}}}},"DecideAction":{"count":90751,"self":808.1146368,"total":808.11462699999993,"children":null},"AgentAct":{"count":90751,"self":0.689406,"total":0.695489,"children":{"AgentInfo.ToProto":{"count":3,"self":4.4E-05,"total":0.006083,"children":{"GenerateSensorData":{"count":3,"self":0.000125,"total":0.006039,"children":{"CameraSensor.GetCompressedObservation":{"count":3,"self":0.005914,"total":0.005914,"children":null}}}}}}}}}