{"count":1,"gauges":{"AnimalAI.CumulativeReward":{"count":101,"max":1.76066768,"min":-1.00201154,"value":-1.0006783,"weightedAverage":-0.9702523}},"self":42.0367008,"total":1251.758503,"children":{"AgentSendState":{"count":148084,"self":1.0347089999999999,"total":117.03783999999999,"children":{"CollectObservations":{"count":49430,"self":0.14633,"total":0.14633,"children":null},"CollectDiscreteActionMasks":{"count":49430,"self":0.11205,"total":0.11205,"children":null},"AgentInfo.ToProto":{"count":49430,"self":0.372844,"total":115.744751,"children":{"GenerateSensorData":{"count":49430,"self":0.871236,"total":115.371907,"children":{"CameraSensor.GetCompressedObservation":{"count":49430,"self":114.500672,"total":114.500671,"children":null}}}}}}},"DecideAction":{"count":148084,"self":1091.4866176,"total":1091.486603,"children":null},"AgentAct":{"count":148084,"self":0.984524,"total":1.183559,"children":{"AgentInfo.ToProto":{"count":94,"self":0.00067899999999999992,"total":0.199035,"children":{"GenerateSensorData":{"count":94,"self":0.0015149999999999999,"total":0.198356,"children":{"CameraSensor.GetCompressedObservation":{"count":94,"self":0.196841,"total":0.196841,"children":null}}}}}}},"AgentInfo.ToProto":{"count":7,"self":5.8E-05,"total":0.013047,"children":{"GenerateSensorData":{"count":7,"self":0.00010899999999999999,"total":0.012988999999999999,"children":{"CameraSensor.GetCompressedObservation":{"count":7,"self":0.012879999999999999,"total":0.012879999999999999,"children":null}}}}}}}