{"count":1,"gauges":{"AnimalAI.CumulativeReward":{"count":14154,"max":3.93066669,"min":-288.69278,"value":-168.616776,"weightedAverage":-146.279388}},"self":494.47296,"total":35607.908159,"children":{"AgentSendState":{"count":961584,"self":47.071568,"total":9561.704491,"children":{"CollectObservations":{"count":2571592,"self":12.541191999999999,"total":12.541191999999999,"children":null},"CollectDiscreteActionMasks":{"count":2571592,"self":8.278772,"total":8.278772,"children":null},"AgentInfo.ToProto":{"count":2571592,"self":26.3910016,"total":9493.812958,"children":{"GenerateSensorData":{"count":2571592,"self":89.5262656,"total":9467.421957,"children":{"CameraSensor.GetCompressedObservation":{"count":2571592,"self":9377.8960384,"total":9377.89569,"children":null}}}}}}},"DecideAction":{"count":961584,"self":25478.4094208,"total":25478.408992999997,"children":null},"AgentAct":{"count":961584,"self":17.3626144,"total":17.362614,"children":null},"AgentInfo.ToProto":{"count":14154,"self":0.192167,"total":55.958270999999996,"children":{"GenerateSensorData":{"count":14154,"self":0.709719,"total":55.766104,"children":{"CameraSensor.GetCompressedObservation":{"count":14154,"self":55.056383999999994,"total":55.056385,"children":null}}}}}}}}}}}},"AgentInfo.ToProto":{"count":17889,"self":0.254109,"total":72.503248,"children":{"GenerateSensorData":{"count":17889,"self":0.836051,"total":72.249139,"children":{"CameraSensor.GetCompressedObservation":{"count":17889,"self":71.413088,"total":71.413088,"children":null}}}}}}}