{"count":1,"gauges":{"AnimalAI.CumulativeReward":{"count":60,"max":33.9641533,"min":-1.00267315,"value":33.9641533,"weightedAverage":20.2554512}},"self":9.4056728,"total":459.55132299999997,"children":{"AgentSendState":{"count":27084,"self":0.28365999999999997,"total":77.418138,"children":{"CollectObservations":{"count":9070,"self":0.037422,"total":0.037422,"children":null},"CollectDiscreteActionMasks":{"count":9070,"self":0.024952,"total":0.024952,"children":null},"AgentInfo.ToProto":{"count":9070,"self":0.12418399999999999,"total":77.072104,"children":{"GenerateSensorData":{"count":9070,"self":1.642148,"total":76.94792,"children":{"CameraSensor.GetCompressedObservation":{"count":9070,"self":75.3057728,"total":75.30577199999999,"children":null}}}}}}},"DecideAction":{"count":27084,"self":371.9540992,"total":371.954092,"children":null},"AgentAct":{"count":27084,"self":0.274376,"total":0.371812,"children":{"AgentInfo.ToProto":{"count":12,"self":0.00017199999999999998,"total":0.097436,"children":{"GenerateSensorData":{"count":12,"self":0.00060799999999999993,"total":0.097263999999999989,"children":{"CameraSensor.GetCompressedObservation":{"count":12,"self":0.096655999999999992,"total":0.096655999999999992,"children":null}}}}}}},"AgentInfo.ToProto":{"count":48,"self":0.000717,"total":0.39992,"children":{"GenerateSensorData":{"count":48,"self":0.018432999999999998,"total":0.399203,"children":{"CameraSensor.GetCompressedObservation":{"count":48,"self":0.38077,"total":0.38077,"children":null}}}}}}}