{"count":1,"gauges":{"AnimalAI.CumulativeReward":{"count":489,"max":1.6293323,"min":-7.000316,"value":-2.25466,"weightedAverage":-2.563208}},"self":276.6474496,"total":7386.0862629999992,"children":{"AgentSendState":{"count":790501,"self":7.873644,"total":541.390752,"children":{"CollectObservations":{"count":264835,"self":1.052476,"total":1.052476,"children":null},"CollectDiscreteActionMasks":{"count":264835,"self":0.766077,"total":0.766077,"children":null},"AgentInfo.ToProto":{"count":264835,"self":3.1293599999999997,"total":531.69855499999994,"children":{"GenerateSensorData":{"count":264835,"self":9.4598288,"total":528.56919499999992,"children":{"CameraSensor.GetCompressedObservation":{"count":264835,"self":519.109376,"total":519.109366,"children":null}}}}}}},"DecideAction":{"count":790501,"self":6560.7790592,"total":6560.7791099999995,"children":null},"AgentAct":{"count":790501,"self":6.3312871999999993,"total":6.331287,"children":null},"AgentInfo.ToProto":{"count":489,"self":0.006129,"total":0.936735,"children":{"GenerateSensorData":{"count":489,"self":0.014776,"total":0.93060599999999993,"children":{"CameraSensor.GetCompressedObservation":{"count":489,"self":0.91582999999999992,"total":0.91582999999999992,"children":null}}}}}}}