{"count":1,"gauges":{"AnimalAI.CumulativeReward":{"count":4709,"max":9.754526,"min":-4.9929657,"value":1.57266831,"weightedAverage":1.23677969}},"self":1058.8869631999999,"total":79052.658595,"children":{"AgentSendState":{"count":1696167,"self":81.0806144,"total":19860.669338,"children":{"CollectObservations":{"count":4523120,"self":22.1914128,"total":22.191413,"children":null},"CollectDiscreteActionMasks":{"count":4523120,"self":14.155126399999999,"total":14.155127,"children":null},"AgentInfo.ToProto":{"count":4523120,"self":47.544224,"total":19743.242181999998,"children":{"GenerateSensorData":{"count":4523120,"self":166.49546239999998,"total":19695.697958999997,"children":{"CameraSensor.GetCompressedObservation":{"count":4523120,"self":19529.202073599998,"total":19529.2025,"children":null}}}}}}},"DecideAction":{"count":1696167,"self":58081.247231999994,"total":58081.250038,"children":null},"AgentAct":{"count":1696167,"self":30.5841824,"total":38.098045,"children":{"AgentInfo.ToProto":{"count":1881,"self":0.023306999999999998,"total":7.513864,"children":{"GenerateSensorData":{"count":1881,"self":0.094074999999999992,"total":7.490557,"children":{"CameraSensor.GetCompressedObservation":{"count":1881,"self":7.3964815999999995,"total":7.396482,"children":null}}}}}}},"AgentInfo.ToProto":{"count":2828,"self":0.039265,"total":13.753440999999999,"children":{"GenerateSensorData":{"count":2828,"self":0.12865,"total":13.714176,"children":{"CameraSensor.GetCompressedObservation":{"count":2828,"self":13.5855264,"total":13.585526,"children":null}}}}}}}