{"count":1,"gauges":{"AnimalAI.CumulativeReward":{"count":1355,"max":2.849,"min":-5.92033863,"value":-1.00000644,"weightedAverage":-1.020938}},"self":20.1276816,"total":1331.133484,"children":{"AgentSendState":{"count":38501,"self":1.262559,"total":478.74335499999995,"children":{"CollectObservations":{"count":102824,"self":0.330414,"total":0.330414,"children":null},"CollectDiscreteActionMasks":{"count":102824,"self":0.172118,"total":0.172118,"children":null},"AgentInfo.ToProto":{"count":102824,"self":0.708359,"total":476.97826399999997,"children":{"GenerateSensorData":{"count":102824,"self":2.521346,"total":476.269905,"children":{"CameraSensor.GetCompressedObservation":{"count":102824,"self":473.7485824,"total":473.748559,"children":null}}}}}}},"DecideAction":{"count":38501,"self":824.3004416,"total":824.300444,"children":null},"AgentAct":{"count":38501,"self":0.76447199999999993,"total":1.2634429999999999,"children":{"AgentInfo.ToProto":{"count":96,"self":0.00089399999999999994,"total":0.498971,"children":{"GenerateSensorData":{"count":96,"self":0.0021999999999999997,"total":0.498077,"children":{"CameraSensor.GetCompressedObservation":{"count":96,"self":0.49587699999999996,"total":0.49587699999999996,"children":null}}}}}}},"AgentInfo.ToProto":{"count":1259,"self":0.014907,"total":6.6976759999999995,"children":{"GenerateSensorData":{"count":1259,"self":0.040517,"total":6.6827689999999995,"children":{"CameraSensor.GetCompressedObservation":{"count":1259,"self":6.642252,"total":6.642252,"children":null}}}}}}}