{"count":1,"gauges":{"AnimalAI.CumulativeReward":{"count":57,"max":-1.0006783,"min":-1.00133979,"value":-1.0006783,"weightedAverage":-1.00099492}},"self":19.2865792,"total":556.97404799999993,"children":{"AgentSendState":{"count":66251,"self":0.44813899999999995,"total":52.41137,"children":{"CollectObservations":{"count":22123,"self":0.064502999999999991,"total":0.064502999999999991,"children":null},"CollectDiscreteActionMasks":{"count":22123,"self":0.050133,"total":0.050133,"children":null},"AgentInfo.ToProto":{"count":22123,"self":0.16514399999999999,"total":51.848594999999996,"children":{"GenerateSensorData":{"count":22123,"self":0.47436,"total":51.683451,"children":{"CameraSensor.GetCompressedObservation":{"count":22123,"self":51.209091199999996,"total":51.209091,"children":null}}}}}}},"DecideAction":{"count":66251,"self":484.6882816,"total":484.688294,"children":null},"AgentAct":{"count":66251,"self":0.44938799999999995,"total":0.58704,"children":{"AgentInfo.ToProto":{"count":57,"self":0.000404,"total":0.137652,"children":{"GenerateSensorData":{"count":57,"self":0.000897,"total":0.13724799999999998,"children":{"CameraSensor.GetCompressedObservation":{"count":57,"self":0.136351,"total":0.136351,"children":null}}}}}}}}}