{"count":1,"gauges":{"AnimalAI.CumulativeReward":{"count":50,"max":0.951000035,"min":-4.086133,"value":-0.433013737,"weightedAverage":0.17658779}},"self":10.870412799999999,"total":218.18944399999998,"children":{"AgentSendState":{"count":38917,"self":0.333534,"total":23.847233,"children":{"CollectObservations":{"count":13124,"self":0.047985,"total":0.047985,"children":null},"CollectDiscreteActionMasks":{"count":13124,"self":0.034371,"total":0.034371,"children":null},"AgentInfo.ToProto":{"count":13124,"self":0.128749,"total":23.431343,"children":{"GenerateSensorData":{"count":13124,"self":0.350553,"total":23.302594,"children":{"CameraSensor.GetCompressedObservation":{"count":13124,"self":22.952041599999998,"total":22.952040999999998,"children":null}}}}}}},"DecideAction":{"count":38917,"self":183.1246208,"total":183.124616,"children":null},"AgentAct":{"count":38917,"self":0.261548,"total":0.261548,"children":null},"AgentInfo.ToProto":{"count":50,"self":0.000531,"total":0.084823,"children":{"GenerateSensorData":{"count":50,"self":0.001987,"total":0.084291999999999992,"children":{"CameraSensor.GetCompressedObservation":{"count":50,"self":0.082305,"total":0.082305,"children":null}}}}}}}