{"count":1,"gauges":{"AnimalAI.CumulativeReward":{"count":161,"max":13.0454683,"min":-1.57068276,"value":0.9966577,"weightedAverage":0.9366941}},"self":43.461145599999995,"total":1375.1054749999998,"children":{"AgentSendState":{"count":136417,"self":1.444357,"total":91.809409,"children":{"CollectObservations":{"count":45607,"self":0.227201,"total":0.227201,"children":null},"CollectDiscreteActionMasks":{"count":45607,"self":0.17529,"total":0.17529,"children":null},"AgentInfo.ToProto":{"count":45607,"self":0.55614299999999994,"total":89.962561,"children":{"GenerateSensorData":{"count":45607,"self":1.267822,"total":89.406418,"children":{"CameraSensor.GetCompressedObservation":{"count":45607,"self":88.138598399999992,"total":88.138595999999993,"children":null}}}}}}},"DecideAction":{"count":136417,"self":1238.2045183999999,"total":1238.2044919999998,"children":null},"AgentAct":{"count":136417,"self":1.312355,"total":1.6288829999999999,"children":{"AgentInfo.ToProto":{"count":161,"self":0.0018989999999999999,"total":0.316528,"children":{"GenerateSensorData":{"count":161,"self":0.004504,"total":0.314629,"children":{"CameraSensor.GetCompressedObservation":{"count":161,"self":0.310125,"total":0.310125,"children":null}}}}}}}}}