{"count":1,"gauges":{"AnimalAI.CumulativeReward":{"count":499,"max":1.61799884,"min":-8.92351,"value":-1.664006,"weightedAverage":-1.79040837}},"self":277.0316032,"total":7135.4621849999994,"children":{"AgentSendState":{"count":905084,"self":8.4644192,"total":532.845021,"children":{"CollectObservations":{"count":302363,"self":1.2406329999999999,"total":1.2406329999999999,"children":null},"CollectDiscreteActionMasks":{"count":302363,"self":0.930651,"total":0.930651,"children":null},"AgentInfo.ToProto":{"count":302363,"self":3.249733,"total":522.20931799999994,"children":{"GenerateSensorData":{"count":302363,"self":8.908291199999999,"total":518.959585,"children":{"CameraSensor.GetCompressedObservation":{"count":302363,"self":510.0512768,"total":510.051294,"children":null}}}}}}},"DecideAction":{"count":905084,"self":6317.9849728,"total":6317.9851149999995,"children":null},"AgentAct":{"count":905084,"self":6.7596039999999995,"total":7.001962,"children":{"AgentInfo.ToProto":{"count":131,"self":0.00137,"total":0.242358,"children":{"GenerateSensorData":{"count":131,"self":0.005782,"total":0.24098799999999998,"children":{"CameraSensor.GetCompressedObservation":{"count":131,"self":0.235206,"total":0.235206,"children":null}}}}}}},"AgentInfo.ToProto":{"count":368,"self":0.0047339999999999995,"total":0.597044,"children":{"GenerateSensorData":{"count":368,"self":0.007977,"total":0.59231,"children":{"CameraSensor.GetCompressedObservation":{"count":368,"self":0.584333,"total":0.584333,"children":null}}}}}}}