{"count":1,"gauges":{"AnimalAI.CumulativeReward":{"count":4232,"max":8.717957,"min":-5.88190031,"value":-1.00000644,"weightedAverage":0.157107741}},"self":1061.7773055999999,"total":78848.542506999991,"children":{"AgentSendState":{"count":1650501,"self":59.8220672,"total":19774.533299,"children":{"CollectObservations":{"count":4401344,"self":15.7295328,"total":15.729533,"children":null},"CollectDiscreteActionMasks":{"count":4401344,"self":8.067312,"total":8.067312,"children":null},"AgentInfo.ToProto":{"count":4401344,"self":33.4941344,"total":19690.914386,"children":{"GenerateSensorData":{"count":4401344,"self":135.5325312,"total":19657.420253,"children":{"CameraSensor.GetCompressedObservation":{"count":4401344,"self":19521.888256,"total":19521.887719,"children":null}}}}}}},"DecideAction":{"count":1650501,"self":57965.4647808,"total":57965.466578,"children":null},"AgentAct":{"count":1650501,"self":28.0001344,"total":33.178517,"children":{"AgentInfo.ToProto":{"count":1158,"self":0.010341999999999999,"total":5.178382,"children":{"GenerateSensorData":{"count":1158,"self":0.052835,"total":5.1680399999999995,"children":{"CameraSensor.GetCompressedObservation":{"count":1158,"self":5.1152048,"total":5.115205,"children":null}}}}}}},"AgentInfo.ToProto":{"count":3074,"self":0.031908,"total":13.586074,"children":{"GenerateSensorData":{"count":3074,"self":0.118097,"total":13.554165999999999,"children":{"CameraSensor.GetCompressedObservation":{"count":3074,"self":13.4360688,"total":13.436069,"children":null}}}}}}}