{"count":1,"gauges":{"AnimalAI.CumulativeReward":{"count":51133,"max":3.93866682,"min":-7.30856657,"value":3.55866838,"weightedAverage":3.358651}},"self":698.5824256,"total":49644.197254,"children":{"AgentSendState":{"count":1025917,"self":66.2363648,"total":8642.477764,"children":{"CollectObservations":{"count":2745848,"self":18.34204,"total":18.34204,"children":null},"CollectDiscreteActionMasks":{"count":2745848,"self":12.437220799999999,"total":12.437221,"children":null},"AgentInfo.ToProto":{"count":2745848,"self":39.744592,"total":8545.462136,"children":{"GenerateSensorData":{"count":2745848,"self":133.9005952,"total":8505.717545,"children":{"CameraSensor.GetCompressedObservation":{"count":2745848,"self":8371.8168575999989,"total":8371.816947,"children":null}}}}}}},"DecideAction":{"count":1025917,"self":40113.340416,"total":40113.339822,"children":null},"AgentAct":{"count":1025917,"self":21.511124799999997,"total":21.511125,"children":null},"AgentInfo.ToProto":{"count":51133,"self":0.831602,"total":168.284689,"children":{"GenerateSensorData":{"count":51133,"self":2.5426759999999997,"total":167.45308699999998,"children":{"CameraSensor.GetCompressedObservation":{"count":51133,"self":164.9104128,"total":164.91041099999998,"children":null}}}}}}}