{"count":1,"gauges":{"AnimalAI.CumulativeReward":{"count":170741,"max":4.75500059,"min":-5.96700573,"value":-1.004,"weightedAverage":-1.00399971}},"self":158.55007999999998,"total":12794.581710999999,"children":{"AgentSendState":{"count":185917,"self":6.4595319999999994,"total":2493.593993,"children":{"CollectObservations":{"count":495936,"self":1.778254,"total":1.778254,"children":null},"CollectDiscreteActionMasks":{"count":495936,"self":0.88074999999999992,"total":0.88074999999999992,"children":null},"AgentInfo.ToProto":{"count":495936,"self":3.8099208,"total":2484.475457,"children":{"GenerateSensorData":{"count":495936,"self":15.365454399999999,"total":2480.665536,"children":{"CameraSensor.GetCompressedObservation":{"count":495936,"self":2465.3000704,"total":2465.300081,"children":null}}}}}}},"DecideAction":{"count":185917,"self":9224.0052224,"total":9224.00486,"children":null},"AgentAct":{"count":185917,"self":3.271706,"total":4.434265,"children":{"AgentInfo.ToProto":{"count":198,"self":0.00179,"total":1.162559,"children":{"GenerateSensorData":{"count":198,"self":0.006501,"total":1.160769,"children":{"CameraSensor.GetCompressedObservation":{"count":198,"self":1.1542679999999998,"total":1.1542679999999998,"children":null}}}}}}},"AgentInfo.ToProto":{"count":170543,"self":1.55843,"total":913.99746499999992,"children":{"GenerateSensorData":{"count":170543,"self":4.9612568,"total":912.439035,"children":{"CameraSensor.GetCompressedObservation":{"count":170543,"self":907.47781119999991,"total":907.477778,"children":null}}}}}}}