{"count":1,"gauges":{"AnimalAI.CumulativeReward":{"count":582,"max":9.235769,"min":-4.990017,"value":-1.00000644,"weightedAverage":-1.179599}},"self":81.8193216,"total":5379.256604,"children":{"AgentSendState":{"count":118001,"self":5.7466007999999995,"total":1397.398731,"children":{"CollectObservations":{"count":314680,"self":1.5546659999999999,"total":1.5546659999999999,"children":null},"CollectDiscreteActionMasks":{"count":314680,"self":0.992923,"total":0.992923,"children":null},"AgentInfo.ToProto":{"count":314680,"self":3.266243,"total":1389.104541,"children":{"GenerateSensorData":{"count":314680,"self":11.726415999999999,"total":1385.838298,"children":{"CameraSensor.GetCompressedObservation":{"count":314680,"self":1374.1118463999999,"total":1374.111882,"children":null}}}}}}},"DecideAction":{"count":118001,"self":3894.96832,"total":3894.9684199999997,"children":null},"AgentAct":{"count":118001,"self":2.25875,"total":2.9246879999999997,"children":{"AgentInfo.ToProto":{"count":148,"self":0.001762,"total":0.66593799999999992,"children":{"GenerateSensorData":{"count":148,"self":0.009429,"total":0.664176,"children":{"CameraSensor.GetCompressedObservation":{"count":148,"self":0.654747,"total":0.654747,"children":null}}}}}}},"AgentInfo.ToProto":{"count":434,"self":0.005919,"total":2.14464,"children":{"GenerateSensorData":{"count":434,"self":0.016328,"total":2.138721,"children":{"CameraSensor.GetCompressedObservation":{"count":434,"self":2.1223929999999998,"total":2.1223929999999998,"children":null}}}}}}}99997,"children":null}}}}}}}