{"count":1,"gauges":{"AnimalAI.CumulativeReward":{"count":1080,"max":1.64466786,"min":-9.884786,"value":-1.00133979,"weightedAverage":-1.54298627}},"self":374.4506368,"total":9731.127426,"children":{"AgentSendState":{"count":1248001,"self":10.23646,"total":715.012525,"children":{"CollectObservations":{"count":417335,"self":1.3897739999999998,"total":1.3897739999999998,"children":null},"CollectDiscreteActionMasks":{"count":417335,"self":1.06236,"total":1.06236,"children":null},"AgentInfo.ToProto":{"count":417335,"self":3.832474,"total":702.323931,"children":{"GenerateSensorData":{"count":417335,"self":11.496552,"total":698.491457,"children":{"CameraSensor.GetCompressedObservation":{"count":417335,"self":686.9948928,"total":686.994905,"children":null}}}}}}},"DecideAction":{"count":1248001,"self":8630.2990336,"total":8630.299374,"children":null},"AgentAct":{"count":1248001,"self":9.4901432,"total":11.353817999999999,"children":{"AgentInfo.ToProto":{"count":1072,"self":0.009837,"total":1.863675,"children":{"GenerateSensorData":{"count":1072,"self":0.038536,"total":1.8538379999999999,"children":{"CameraSensor.GetCompressedObservation":{"count":1072,"self":1.815302,"total":1.815302,"children":null}}}}}}},"AgentInfo.ToProto":{"count":8,"self":7.2E-05,"total":0.010313,"children":{"GenerateSensorData":{"count":8,"self":0.00013099999999999999,"total":0.010241,"children":{"CameraSensor.GetCompressedObservation":{"count":8,"self":0.01011,"total":0.01011,"children":null}}}}}}}