{"count":1,"gauges":{"AnimalAI.CumulativeReward":{"count":36927,"max":3.960815,"min":-4.111444,"value":2.74329615,"weightedAverage":2.591587}},"self":583.5012608,"total":37517.478427,"children":{"AgentSendState":{"count":1036001,"self":46.26808,"total":5537.510786,"children":{"CollectObservations":{"count":2773040,"self":12.7355112,"total":12.735510999999999,"children":null},"CollectDiscreteActionMasks":{"count":2773040,"self":8.5494272,"total":8.549427,"children":null},"AgentInfo.ToProto":{"count":2773040,"self":26.178675199999997,"total":5469.957767,"children":{"GenerateSensorData":{"count":2773040,"self":71.3729024,"total":5443.779092,"children":{"CameraSensor.GetCompressedObservation":{"count":2773040,"self":5372.4061696,"total":5372.4061889999994,"children":null}}}}}}},"DecideAction":{"count":1036001,"self":31291.349401599997,"total":31291.348424,"children":null},"AgentAct":{"count":1036001,"self":18.5829312,"total":21.975713,"children":{"AgentInfo.ToProto":{"count":1514,"self":0.016744,"total":3.392782,"children":{"GenerateSensorData":{"count":1514,"self":0.041859,"total":3.376038,"children":{"CameraSensor.GetCompressedObservation":{"count":1514,"self":3.334179,"total":3.334179,"children":null}}}}}}},"AgentInfo.ToProto":{"count":35413,"self":0.45485,"total":83.14151,"children":{"GenerateSensorData":{"count":35413,"self":1.153767,"total":82.686659999999989,"children":{"CameraSensor.GetCompressedObservation":{"count":35413,"self":81.532896,"total":81.532893,"children":null}}}}}}}