{"count":1,"gauges":{"AnimalAI.CumulativeReward":{"count":19879,"max":12.6267881,"min":-4.98688745,"value":1.88466668,"weightedAverage":1.889777}},"self":1390.90944,"total":88684.348915,"children":{"AgentSendState":{"count":1979667,"self":93.9252224,"total":23468.755901999997,"children":{"CollectObservations":{"count":5279120,"self":26.209270399999998,"total":26.209270999999998,"children":null},"CollectDiscreteActionMasks":{"count":5279120,"self":16.7312544,"total":16.731255,"children":null},"AgentInfo.ToProto":{"count":5279120,"self":54.6912192,"total":23331.890155999998,"children":{"GenerateSensorData":{"count":5279120,"self":187.1714304,"total":23277.198936999997,"children":{"CameraSensor.GetCompressedObservation":{"count":5279120,"self":23090.0269056,"total":23090.027509,"children":null}}}}}}},"DecideAction":{"count":1979667,"self":63710.98624,"total":63710.986287,"children":null},"AgentAct":{"count":1979667,"self":40.0094464,"total":42.11373,"children":{"AgentInfo.ToProto":{"count":520,"self":0.0064189999999999994,"total":2.104284,"children":{"GenerateSensorData":{"count":520,"self":0.024232,"total":2.097865,"children":{"CameraSensor.GetCompressedObservation":{"count":520,"self":2.073633,"total":2.073633,"children":null}}}}}}},"AgentInfo.ToProto":{"count":19359,"self":0.264349,"total":71.582416999999992,"children":{"GenerateSensorData":{"count":19359,"self":1.005873,"total":71.318068,"children":{"CameraSensor.GetCompressedObservation":{"count":19359,"self":70.312192,"total":70.312195,"children":null}}}}}}}.884721,"children":null}}}}}}}7.4569899999999993,"children":null}}}}}}}