{"count":1,"gauges":{"AnimalAI.CumulativeReward":{"count":1143,"max":1.64200127,"min":-1.09334135,"value":1.40866721,"weightedAverage":-0.346496969}},"self":269.01975039999996,"total":9322.642702,"children":{"AgentSendState":{"count":842251,"self":8.7121231999999988,"total":612.48620399999993,"children":{"CollectObservations":{"count":281480,"self":1.208052,"total":1.208052,"children":null},"CollectDiscreteActionMasks":{"count":281480,"self":0.908086,"total":0.908086,"children":null},"AgentInfo.ToProto":{"count":281480,"self":3.3802179999999997,"total":601.65794299999993,"children":{"GenerateSensorData":{"count":281480,"self":11.535812799999999,"total":598.27772499999992,"children":{"CameraSensor.GetCompressedObservation":{"count":281480,"self":586.7419136,"total":586.741912,"children":null}}}}}}},"DecideAction":{"count":842251,"self":8431.038464,"total":8431.038591,"children":null},"AgentAct":{"count":842251,"self":7.6870816,"total":9.9948199999999989,"children":{"AgentInfo.ToProto":{"count":1093,"self":0.01309,"total":2.307738,"children":{"GenerateSensorData":{"count":1093,"self":0.048659999999999995,"total":2.294648,"children":{"CameraSensor.GetCompressedObservation":{"count":1093,"self":2.245988,"total":2.245988,"children":null}}}}}}},"AgentInfo.ToProto":{"count":50,"self":0.00067099999999999994,"total":0.102243,"children":{"GenerateSensorData":{"count":50,"self":0.0018679999999999999,"total":0.101572,"children":{"CameraSensor.GetCompressedObservation":{"count":50,"self":0.099704,"total":0.099704,"children":null}}}}}}}