{"count":1,"gauges":{"AnimalAI.CumulativeReward":{"count":58157,"max":3.96822238,"min":-5.038435,"value":2.23959112,"weightedAverage":2.37896061}},"self":847.119616,"total":67197.191866,"children":{"AgentSendState":{"count":1551001,"self":68.2207936,"total":8039.5380209999994,"children":{"CollectObservations":{"count":4151672,"self":18.8932128,"total":18.893212,"children":null},"CollectDiscreteActionMasks":{"count":4151672,"self":12.7511648,"total":12.751165,"children":null},"AgentInfo.ToProto":{"count":4151672,"self":39.2555712,"total":7939.67285,"children":{"GenerateSensorData":{"count":4151672,"self":104.4329664,"total":7900.4172789999993,"children":{"CameraSensor.GetCompressedObservation":{"count":4151672,"self":7795.9839744,"total":7795.9843109999993,"children":null}}}}}}},"DecideAction":{"count":1551001,"self":58152.6093824,"total":58152.609524,"children":null},"AgentAct":{"count":1551001,"self":26.133654399999998,"total":29.897779999999997,"children":{"AgentInfo.ToProto":{"count":1679,"self":0.017979,"total":3.7641259999999996,"children":{"GenerateSensorData":{"count":1679,"self":0.050783999999999996,"total":3.7461469999999997,"children":{"CameraSensor.GetCompressedObservation":{"count":1679,"self":3.6953631999999996,"total":3.695363,"children":null}}}}}}},"AgentInfo.ToProto":{"count":56478,"self":0.71279799999999993,"total":128.02615699999998,"children":{"GenerateSensorData":{"count":56478,"self":1.740313,"total":127.31335899999999,"children":{"CameraSensor.GetCompressedObservation":{"count":56478,"self":125.5730432,"total":125.57304599999999,"children":null}}}}}}}