{"count":1,"gauges":{"AnimalAI.CumulativeReward":{"count":601,"max":1.76066768,"min":-1.99933243,"value":0.6563345,"weightedAverage":-0.2881065}},"self":116.90535679999999,"total":3807.42254,"children":{"AgentSendState":{"count":422001,"self":2.963357,"total":336.621199,"children":{"CollectObservations":{"count":141069,"self":0.41783899999999996,"total":0.41783899999999996,"children":null},"CollectDiscreteActionMasks":{"count":141069,"self":0.327808,"total":0.327808,"children":null},"AgentInfo.ToProto":{"count":141069,"self":1.065992,"total":332.912195,"children":{"GenerateSensorData":{"count":141069,"self":3.033671,"total":331.846203,"children":{"CameraSensor.GetCompressedObservation":{"count":141069,"self":328.812544,"total":328.812532,"children":null}}}}}}},"DecideAction":{"count":422001,"self":3350.1026303999997,"total":3350.102673,"children":null},"AgentAct":{"count":422001,"self":2.565897,"total":3.150071,"children":{"AgentInfo.ToProto":{"count":269,"self":0.002009,"total":0.584174,"children":{"GenerateSensorData":{"count":269,"self":0.0064459999999999995,"total":0.58216499999999993,"children":{"CameraSensor.GetCompressedObservation":{"count":269,"self":0.575719,"total":0.575719,"children":null}}}}}}},"AgentInfo.ToProto":{"count":332,"self":0.002884,"total":0.64242599999999994,"children":{"GenerateSensorData":{"count":332,"self":0.008685,"total":0.63954199999999994,"children":{"CameraSensor.GetCompressedObservation":{"count":332,"self":0.630857,"total":0.630857,"children":null}}}}}}}