{"count":1,"gauges":{"AnimalAI.CumulativeReward":{"count":35878,"max":11.9969759,"min":-4.99612665,"value":1.85400009,"weightedAverage":1.85400033}},"self":2264.1317888,"total":160004.53273099998,"children":{"AgentSendState":{"count":3449751,"self":164.5113728,"total":40546.406298999995,"children":{"CollectObservations":{"count":9199344,"self":44.660604799999994,"total":44.660606,"children":null},"CollectDiscreteActionMasks":{"count":9199344,"self":28.721007999999998,"total":28.721007999999998,"children":null},"AgentInfo.ToProto":{"count":9199344,"self":94.7813824,"total":40308.513318,"children":{"GenerateSensorData":{"count":9199344,"self":340.06323199999997,"total":40213.731933999996,"children":{"CameraSensor.GetCompressedObservation":{"count":9199344,"self":39873.6687104,"total":39873.668696,"children":null}}}}}}},"DecideAction":{"count":3449751,"self":116975.1539712,"total":116975.14801199999,"children":null},"AgentAct":{"count":3449751,"self":59.0961216,"total":59.909462999999995,"children":{"AgentInfo.ToProto":{"count":181,"self":0.0020759999999999997,"total":0.813344,"children":{"GenerateSensorData":{"count":181,"self":0.010182,"total":0.811268,"children":{"CameraSensor.GetCompressedObservation":{"count":181,"self":0.801086,"total":0.801086,"children":null}}}}}}},"AgentInfo.ToProto":{"count":35697,"self":0.477082,"total":158.93648199999998,"children":{"GenerateSensorData":{"count":35697,"self":1.570088,"total":158.4594,"children":{"CameraSensor.GetCompressedObservation":{"count":35697,"self":156.88931839999998,"total":156.889312,"children":null}}}}}}}