{"count":1,"gauges":{"AnimalAI.CumulativeReward":{"count":101,"max":1.46732962,"min":-1.00667787,"value":-1.0006783,"weightedAverage":-1.00077081}},"self":42.7371232,"total":1289.6933649999999,"children":{"AgentSendState":{"count":150084,"self":1.031885,"total":119.444109,"children":{"CollectObservations":{"count":50096,"self":0.151705,"total":0.151705,"children":null},"CollectDiscreteActionMasks":{"count":50096,"self":0.115894,"total":0.115894,"children":null},"AgentInfo.ToProto":{"count":50096,"self":0.39091499999999996,"total":118.14462499999999,"children":{"GenerateSensorData":{"count":50096,"self":0.941997,"total":117.75371,"children":{"CameraSensor.GetCompressedObservation":{"count":50096,"self":116.811712,"total":116.811713,"children":null}}}}}}},"DecideAction":{"count":150084,"self":1126.2763008,"total":1126.276312,"children":null},"AgentAct":{"count":150084,"self":1.007599,"total":1.229514,"children":{"AgentInfo.ToProto":{"count":98,"self":0.000734,"total":0.221915,"children":{"GenerateSensorData":{"count":98,"self":0.001632,"total":0.221181,"children":{"CameraSensor.GetCompressedObservation":{"count":98,"self":0.219549,"total":0.219549,"children":null}}}}}}},"AgentInfo.ToProto":{"count":3,"self":2.7E-05,"total":0.0055509999999999995,"children":{"GenerateSensorData":{"count":3,"self":4.6E-05,"total":0.0055239999999999994,"children":{"CameraSensor.GetCompressedObservation":{"count":3,"self":0.0054779999999999994,"total":0.0054779999999999994,"children":null}}}}}}}