{"count":1,"gauges":{"AnimalAI.CumulativeReward":{"count":257,"max":1.64300036,"min":-2.85666513,"value":-1.0033325,"weightedAverage":-0.374549448}},"self":17.101392,"total":619.156307,"children":{"AgentSendState":{"count":55667,"self":0.551953,"total":37.561901999999996,"children":{"CollectObservations":{"count":18757,"self":0.07646,"total":0.07646,"children":null},"CollectDiscreteActionMasks":{"count":18757,"self":0.05368,"total":0.05368,"children":null},"AgentInfo.ToProto":{"count":18757,"self":0.21948299999999998,"total":36.879809,"children":{"GenerateSensorData":{"count":18757,"self":0.584792,"total":36.660326,"children":{"CameraSensor.GetCompressedObservation":{"count":18757,"self":36.0755328,"total":36.075534,"children":null}}}}}}},"DecideAction":{"count":55667,"self":563.55066879999993,"total":563.550657,"children":null},"AgentAct":{"count":55667,"self":0.47265599999999997,"total":0.509528,"children":{"AgentInfo.ToProto":{"count":19,"self":0.000205,"total":0.036871999999999995,"children":{"GenerateSensorData":{"count":19,"self":0.000518,"total":0.036667,"children":{"CameraSensor.GetCompressedObservation":{"count":19,"self":0.036149,"total":0.036149,"children":null}}}}}}},"AgentInfo.ToProto":{"count":238,"self":0.003139,"total":0.43183299999999997,"children":{"GenerateSensorData":{"count":238,"self":0.009955,"total":0.42869399999999996,"children":{"CameraSensor.GetCompressedObservation":{"count":238,"self":0.418739,"total":0.418739,"children":null}}}}}}}