{"count":1,"gauges":{"AnimalAI.CumulativeReward":{"count":2765,"max":1.65133357,"min":-6.577025,"value":-1.00133979,"weightedAverage":-1.11547089}},"self":702.054656,"total":16424.678076,"children":{"AgentSendState":{"count":2481084,"self":17.1166992,"total":1934.636421,"children":{"CollectObservations":{"count":829696,"self":2.4391179999999997,"total":2.4391179999999997,"children":null},"CollectDiscreteActionMasks":{"count":829696,"self":1.9177,"total":1.9177,"children":null},"AgentInfo.ToProto":{"count":829696,"self":6.3964567999999993,"total":1913.162904,"children":{"GenerateSensorData":{"count":829696,"self":18.7301712,"total":1906.766447,"children":{"CameraSensor.GetCompressedObservation":{"count":829696,"self":1888.0362496,"total":1888.0362759999998,"children":null}}}}}}},"DecideAction":{"count":2481084,"self":13765.920358399999,"total":13765.920484,"children":null},"AgentAct":{"count":2481084,"self":16.1848112,"total":21.443182,"children":{"AgentInfo.ToProto":{"count":2439,"self":0.018786999999999998,"total":5.2583709999999995,"children":{"GenerateSensorData":{"count":2439,"self":0.052242,"total":5.239584,"children":{"CameraSensor.GetCompressedObservation":{"count":2439,"self":5.187342,"total":5.187342,"children":null}}}}}}},"AgentInfo.ToProto":{"count":326,"self":0.002851,"total":0.622597,"children":{"GenerateSensorData":{"count":326,"self":0.005973,"total":0.619746,"children":{"CameraSensor.GetCompressedObservation":{"count":326,"self":0.613773,"total":0.613773,"children":null}}}}}}}