{"count":1,"gauges":{"AnimalAI.CumulativeReward":{"count":5061,"max":11.714591,"min":-4.984572,"value":-1.74533546,"weightedAverage":-1.34968019}},"self":1081.6726016,"total":77620.756605,"children":{"AgentSendState":{"count":1736251,"self":62.060108799999995,"total":19996.544158999997,"children":{"CollectObservations":{"count":4630008,"self":16.3685808,"total":16.368581,"children":null},"CollectDiscreteActionMasks":{"count":4630008,"self":8.28892,"total":8.28892,"children":null},"AgentInfo.ToProto":{"count":4630008,"self":34.4057824,"total":19909.826552,"children":{"GenerateSensorData":{"count":4630008,"self":151.0585984,"total":19875.420770999997,"children":{"CameraSensor.GetCompressedObservation":{"count":4630008,"self":19724.361728,"total":19724.362176,"children":null}}}}}}},"DecideAction":{"count":1736251,"self":56486.0878848,"total":56486.086903999996,"children":null},"AgentAct":{"count":1736251,"self":33.317059199999996,"total":39.951169,"children":{"AgentInfo.ToProto":{"count":1493,"self":0.013951999999999999,"total":6.63411,"children":{"GenerateSensorData":{"count":1493,"self":0.062140999999999995,"total":6.620158,"children":{"CameraSensor.GetCompressedObservation":{"count":1493,"self":6.5580168,"total":6.5580169999999995,"children":null}}}}}}},"AgentInfo.ToProto":{"count":3568,"self":0.038692,"total":16.501020999999998,"children":{"GenerateSensorData":{"count":3568,"self":0.154423,"total":16.462329,"children":{"CameraSensor.GetCompressedObservation":{"count":3568,"self":16.307905599999998,"total":16.307906,"children":null}}}}}}}