{"count":1,"gauges":{},"self":0.325741,"total":7.7775599999999994,"children":{"AgentSendState":{"count":501,"self":0.005644,"total":0.404454,"children":{"CollectObservations":{"count":169,"self":0.00096499999999999993,"total":0.00096499999999999993,"children":null},"CollectDiscreteActionMasks":{"count":169,"self":0.000423,"total":0.000423,"children":null},"AgentInfo.ToProto":{"count":169,"self":0.001964,"total":0.397422,"children":{"GenerateSensorData":{"count":169,"self":0.005201,"total":0.395458,"children":{"CameraSensor.GetCompressedObservation":{"count":169,"self":0.39025699999999997,"total":0.39025699999999997,"children":null}}}}}}},"DecideAction":{"count":501,"self":7.0425472,"total":7.042547,"children":null},"AgentAct":{"count":501,"self":0.003961,"total":0.003961,"children":null}}}