{"count":1,"gauges":{"AnimalAI.CumulativeReward":{"count":21,"max":-1.0006783,"min":-1.0006783,"value":-1.0006783,"weightedAverage":-1.0006783}},"self":9.3539751999999989,"total":233.323657,"children":{"AgentSendState":{"count":31584,"self":0.22929,"total":25.037937,"children":{"CollectObservations":{"count":10543,"self":0.031515,"total":0.031515,"children":null},"CollectDiscreteActionMasks":{"count":10543,"self":0.023448,"total":0.023448,"children":null},"AgentInfo.ToProto":{"count":10543,"self":0.081206,"total":24.753684,"children":{"GenerateSensorData":{"count":10543,"self":0.191401,"total":24.672477999999998,"children":{"CameraSensor.GetCompressedObservation":{"count":10543,"self":24.4810768,"total":24.481077,"children":null}}}}}}},"DecideAction":{"count":31584,"self":198.66457599999998,"total":198.664573,"children":null},"AgentAct":{"count":31584,"self":0.21520799999999998,"total":0.266397,"children":{"AgentInfo.ToProto":{"count":21,"self":0.000165,"total":0.051189,"children":{"GenerateSensorData":{"count":21,"self":0.00035299999999999996,"total":0.051024,"children":{"CameraSensor.GetCompressedObservation":{"count":21,"self":0.050671,"total":0.050671,"children":null}}}}}}}}}