{"count":1,"gauges":{"AnimalAI.CumulativeReward":{"count":12703,"max":12.3758755,"min":-4.979659,"value":-0.396383047,"weightedAverage":-0.7287983}},"self":2120.4875263999998,"total":157660.48386399998,"children":{"AgentSendState":{"count":3393917,"self":162.2892544,"total":39381.298566,"children":{"CollectObservations":{"count":9050456,"self":44.5235936,"total":44.523593999999996,"children":null},"CollectDiscreteActionMasks":{"count":9050456,"self":28.5747872,"total":28.574786,"children":null},"AgentInfo.ToProto":{"count":9050456,"self":96.7016192,"total":39145.910928,"children":{"GenerateSensorData":{"count":9050456,"self":333.2703744,"total":39049.209312,"children":{"CameraSensor.GetCompressedObservation":{"count":9050456,"self":38715.9392256,"total":38715.938927999996,"children":null}}}}}}},"DecideAction":{"count":3393917,"self":116037.7008128,"total":116037.70247399999,"children":null},"AgentAct":{"count":3393917,"self":59.768902399999995,"total":74.445951,"children":{"AgentInfo.ToProto":{"count":3364,"self":0.040143,"total":14.677045999999999,"children":{"GenerateSensorData":{"count":3364,"self":0.16572099999999998,"total":14.636903,"children":{"CameraSensor.GetCompressedObservation":{"count":3364,"self":14.4711824,"total":14.471181999999999,"children":null}}}}}}},"AgentInfo.ToProto":{"count":9339,"self":0.131745,"total":46.548548,"children":{"GenerateSensorData":{"count":9339,"self":0.439038,"total":46.416802999999994,"children":{"CameraSensor.GetCompressedObservation":{"count":9339,"self":45.9777664,"total":45.977765,"children":null}}}}}}}