{"count":1,"gauges":{"AnimalAI.CumulativeReward":{"count":4116,"max":4.80219841,"min":-5.52728653,"value":0.9176667,"weightedAverage":0.547169447}},"self":29.3058016,"total":2402.835464,"children":{"AgentSendState":{"count":57084,"self":2.062856,"total":509.928768,"children":{"CollectObservations":{"count":152336,"self":0.544657,"total":0.544657,"children":null},"CollectDiscreteActionMasks":{"count":152336,"self":0.275042,"total":0.275042,"children":null},"AgentInfo.ToProto":{"count":152336,"self":1.198869,"total":507.04621299999997,"children":{"GenerateSensorData":{"count":152336,"self":5.1483808,"total":505.84734399999996,"children":{"CameraSensor.GetCompressedObservation":{"count":152336,"self":500.6989824,"total":500.698963,"children":null}}}}}}},"DecideAction":{"count":57084,"self":1847.1012352,"total":1847.101308,"children":null},"AgentAct":{"count":57084,"self":1.0586769999999999,"total":1.596044,"children":{"AgentInfo.ToProto":{"count":152,"self":0.001408,"total":0.53736699999999993,"children":{"GenerateSensorData":{"count":152,"self":0.0045239999999999994,"total":0.535959,"children":{"CameraSensor.GetCompressedObservation":{"count":152,"self":0.531435,"total":0.531435,"children":null}}}}}}},"AgentInfo.ToProto":{"count":3964,"self":0.044999,"total":14.902645999999999,"children":{"GenerateSensorData":{"count":3964,"self":0.168213,"total":14.857647,"children":{"CameraSensor.GetCompressedObservation":{"count":3964,"self":14.6894336,"total":14.689433999999999,"children":null}}}}}}}otal":14.655655999999999,"children":null}}}}}}}