{"count":1,"gauges":{},"self":0.686865,"total":5.059498,"children":{"AgentSendState":{"count":84,"self":0.012433999999999999,"total":4.309978,"children":{"CollectObservations":{"count":224,"self":0.002624,"total":0.002624,"children":null},"CollectDiscreteActionMasks":{"count":224,"self":0.0015999999999999999,"total":0.0015999999999999999,"children":null},"AgentInfo.ToProto":{"count":224,"self":0.0056289999999999995,"total":4.29332,"children":{"GenerateSensorData":{"count":224,"self":0.029841999999999997,"total":4.287691,"children":{"CameraSensor.GetCompressedObservation":{"count":224,"self":4.2578488,"total":4.257849,"children":null}}}}}}},"DecideAction":{"count":84,"self":0.058177,"total":0.058177,"children":null},"AgentAct":{"count":84,"self":0.003433,"total":0.003433,"children":null}}}