{"count":1,"gauges":{"AnimalAI.CumulativeReward":{"count":13368,"max":3.884,"min":-10.2332821,"value":1.72333419,"weightedAverage":1.75675225}},"self":595.08705279999992,"total":36137.795041,"children":{"AgentSendState":{"count":1032334,"self":49.4795296,"total":9362.810163,"children":{"CollectObservations":{"count":2760464,"self":13.3413136,"total":13.341313999999999,"children":null},"CollectDiscreteActionMasks":{"count":2760464,"self":8.8803488,"total":8.8803489999999989,"children":null},"AgentInfo.ToProto":{"count":2760464,"self":28.6079744,"total":9291.10897,"children":{"GenerateSensorData":{"count":2760464,"self":78.559392,"total":9262.500995,"children":{"CameraSensor.GetCompressedObservation":{"count":2760464,"self":9183.9414272,"total":9183.941601,"children":null}}}}}}},"DecideAction":{"count":1032334,"self":26114.301951999998,"total":26114.301508999997,"children":null},"AgentAct":{"count":1032334,"self":18.9512864,"total":19.954859,"children":{"AgentInfo.ToProto":{"count":307,"self":0.003388,"total":1.003573,"children":{"GenerateSensorData":{"count":307,"self":0.006828,"total":1.0001849999999999,"children":{"CameraSensor.GetCompressedObservation":{"count":307,"self":0.99335699999999993,"total":0.99335699999999993,"children":null}}}}}}},"AgentInfo.ToProto":{"count":13061,"self":0.179583,"total":45.640642,"children":{"GenerateSensorData":{"count":13061,"self":0.443859,"total":45.461059,"children":{"CameraSensor.GetCompressedObservation":{"count":13061,"self":45.017199999999995,"total":45.017199999999995,"children":null}}}}}}}