{"count":1,"gauges":{"AnimalAI.CumulativeReward":{"count":255,"max":0.7256675,"min":-1.00400651,"value":0.483001769,"weightedAverage":-0.402180374}},"self":58.7422464,"total":1621.2761329999998,"children":{"AgentSendState":{"count":173751,"self":2.102383,"total":141.857171,"children":{"CollectObservations":{"count":58087,"self":0.313117,"total":0.313117,"children":null},"CollectDiscreteActionMasks":{"count":58087,"self":0.213523,"total":0.213523,"children":null},"AgentInfo.ToProto":{"count":58087,"self":0.894953,"total":139.228148,"children":{"GenerateSensorData":{"count":58087,"self":2.755854,"total":138.333195,"children":{"CameraSensor.GetCompressedObservation":{"count":58087,"self":135.57734399999998,"total":135.577341,"children":null}}}}}}},"DecideAction":{"count":173751,"self":1418.0657151999999,"total":1418.065746,"children":null},"AgentAct":{"count":173751,"self":2.0021869999999997,"total":2.4978059999999997,"children":{"AgentInfo.ToProto":{"count":205,"self":0.0029969999999999997,"total":0.495619,"children":{"GenerateSensorData":{"count":205,"self":0.009134999999999999,"total":0.492622,"children":{"CameraSensor.GetCompressedObservation":{"count":205,"self":0.483487,"total":0.483487,"children":null}}}}}}},"AgentInfo.ToProto":{"count":50,"self":0.000819,"total":0.111319,"children":{"GenerateSensorData":{"count":50,"self":0.0017469999999999999,"total":0.1105,"children":{"CameraSensor.GetCompressedObservation":{"count":50,"self":0.10875299999999999,"total":0.10875299999999999,"children":null}}}}}}}