{"count":1,"gauges":{"AnimalAI.CumulativeReward":{"count":7225,"max":11.2374954,"min":-4.995524,"value":-1.00000644,"weightedAverage":-1.0000062}},"self":2181.3241856,"total":160977.226784,"children":{"AgentSendState":{"count":3383084,"self":161.1245056,"total":40890.557086,"children":{"CollectObservations":{"count":9021568,"self":45.2594528,"total":45.259454,"children":null},"CollectDiscreteActionMasks":{"count":9021568,"self":28.154495999999998,"total":28.154497,"children":null},"AgentInfo.ToProto":{"count":9021568,"self":95.400025599999992,"total":40656.01863,"children":{"GenerateSensorData":{"count":9021568,"self":335.78780159999997,"total":40560.618604999996,"children":{"CameraSensor.GetCompressedObservation":{"count":9021568,"self":40224.830259199996,"total":40224.830803,"children":null}}}}}}},"DecideAction":{"count":3383084,"self":117807.6053504,"total":117807.59913199999,"children":null},"AgentAct":{"count":3383084,"self":63.3772544,"total":84.513622,"children":{"AgentInfo.ToProto":{"count":4510,"self":0.053644,"total":21.136367,"children":{"GenerateSensorData":{"count":4510,"self":0.22344499999999998,"total":21.082722999999998,"children":{"CameraSensor.GetCompressedObservation":{"count":4510,"self":20.859278399999997,"total":20.859278,"children":null}}}}}}},"AgentInfo.ToProto":{"count":2715,"self":0.040568,"total":13.231914,"children":{"GenerateSensorData":{"count":2715,"self":0.120459,"total":13.191346,"children":{"CameraSensor.GetCompressedObservation":{"count":2715,"self":13.0708872,"total":13.070886999999999,"children":null}}}}}}}