{"count":1,"gauges":{"AnimalAI.CumulativeReward":{"count":3631,"max":1.998,"min":-1.00133979,"value":-1.00133979,"weightedAverage":-0.5046055}},"self":697.08482559999993,"total":19578.751024999998,"children":{"AgentSendState":{"count":2106084,"self":20.3602416,"total":2151.164346,"children":{"CollectObservations":{"count":703959,"self":2.742482,"total":2.742482,"children":null},"CollectDiscreteActionMasks":{"count":703959,"self":2.0024669999999998,"total":2.0024669999999998,"children":null},"AgentInfo.ToProto":{"count":703959,"self":7.863256,"total":2126.059156,"children":{"GenerateSensorData":{"count":703959,"self":24.379108799999997,"total":2118.1958999999997,"children":{"CameraSensor.GetCompressedObservation":{"count":703959,"self":2093.816832,"total":2093.8167909999997,"children":null}}}}}}},"DecideAction":{"count":2106084,"self":16701.4121472,"total":16701.411622,"children":null},"AgentAct":{"count":2106084,"self":18.7579264,"total":25.146048,"children":{"AgentInfo.ToProto":{"count":2172,"self":0.023766,"total":6.388122,"children":{"GenerateSensorData":{"count":2172,"self":0.08205599999999999,"total":6.364356,"children":{"CameraSensor.GetCompressedObservation":{"count":2172,"self":6.2822999999999993,"total":6.2822999999999993,"children":null}}}}}}},"AgentInfo.ToProto":{"count":1459,"self":0.018630999999999998,"total":3.943343,"children":{"GenerateSensorData":{"count":1459,"self":0.047033,"total":3.924712,"children":{"CameraSensor.GetCompressedObservation":{"count":1459,"self":3.8776791999999998,"total":3.8776789999999997,"children":null}}}}}}}