{"count":1,"gauges":{"AnimalAI.CumulativeReward":{"count":2,"max":225.067429,"min":-1.00133979,"value":225.067429,"weightedAverage":55.5158539}},"self":22.8836016,"total":723.179455,"children":{"AgentSendState":{"count":77001,"self":0.637581,"total":58.982775999999994,"children":{"CollectObservations":{"count":25802,"self":0.089994999999999992,"total":0.089994999999999992,"children":null},"CollectDiscreteActionMasks":{"count":25802,"self":0.066795,"total":0.066795,"children":null},"AgentInfo.ToProto":{"count":25802,"self":0.250231,"total":58.188404999999996,"children":{"GenerateSensorData":{"count":25802,"self":0.70418799999999993,"total":57.938174,"children":{"CameraSensor.GetCompressedObservation":{"count":25802,"self":57.233984,"total":57.233985999999994,"children":null}}}}}}},"DecideAction":{"count":77001,"self":640.7389696,"total":640.738959,"children":null},"AgentAct":{"count":77001,"self":0.565171,"total":0.573341,"children":{"AgentInfo.ToProto":{"count":2,"self":1.4999999999999999E-05,"total":0.00817,"children":{"GenerateSensorData":{"count":2,"self":3.6E-05,"total":0.0081549999999999991,"children":{"CameraSensor.GetCompressedObservation":{"count":2,"self":0.008119,"total":0.008119,"children":null}}}}}}}}}