{"count":1,"gauges":{"AnimalAI.CumulativeReward":{"count":49,"max":38.9895477,"min":-1.00133979,"value":0.7433226,"weightedAverage":9.42151451}},"self":39.3490688,"total":1219.583103,"children":{"AgentSendState":{"count":135501,"self":1.141237,"total":79.85691,"children":{"CollectObservations":{"count":45363,"self":0.15802,"total":0.15802,"children":null},"CollectDiscreteActionMasks":{"count":45363,"self":0.11836999999999999,"total":0.11836999999999999,"children":null},"AgentInfo.ToProto":{"count":45363,"self":0.445071,"total":78.439283,"children":{"GenerateSensorData":{"count":45363,"self":1.327715,"total":77.99421199999999,"children":{"CameraSensor.GetCompressedObservation":{"count":45363,"self":76.666496,"total":76.666496999999993,"children":null}}}}}}},"DecideAction":{"count":135501,"self":1099.3009663999999,"total":1099.301015,"children":null},"AgentAct":{"count":135501,"self":0.983869,"total":1.075029,"children":{"AgentInfo.ToProto":{"count":49,"self":0.000453,"total":0.091159999999999991,"children":{"GenerateSensorData":{"count":49,"self":0.0016699999999999998,"total":0.090707,"children":{"CameraSensor.GetCompressedObservation":{"count":49,"self":0.089036999999999991,"total":0.089036999999999991,"children":null}}}}}}}}}