{"count":1,"gauges":{"AnimalAI.CumulativeReward":{"count":38,"max":49.3694763,"min":0.996654749,"value":0.9966568,"weightedAverage":3.79388332}},"self":31.254768,"total":967.82743899999991,"children":{"AgentSendState":{"count":104167,"self":0.87202099999999994,"total":78.96248,"children":{"CollectObservations":{"count":34924,"self":0.12319899999999999,"total":0.12319899999999999,"children":null},"CollectDiscreteActionMasks":{"count":34924,"self":0.091806,"total":0.091806,"children":null},"AgentInfo.ToProto":{"count":34924,"self":0.334956,"total":77.875453999999991,"children":{"GenerateSensorData":{"count":34924,"self":0.869962,"total":77.540498,"children":{"CameraSensor.GetCompressedObservation":{"count":34924,"self":76.6705344,"total":76.670536,"children":null}}}}}}},"DecideAction":{"count":104167,"self":856.7019008,"total":856.701903,"children":null},"AgentAct":{"count":104167,"self":0.812184,"total":0.907493,"children":{"AgentInfo.ToProto":{"count":38,"self":0.00038899999999999997,"total":0.095308999999999991,"children":{"GenerateSensorData":{"count":38,"self":0.000937,"total":0.09491999999999999,"children":{"CameraSensor.GetCompressedObservation":{"count":38,"self":0.093983,"total":0.093983,"children":null}}}}}}}}}