{"count":1,"gauges":{"AnimalAI.CumulativeReward":{"count":301,"max":1.60133362,"min":-3.20699978,"value":-1.0006783,"weightedAverage":-0.717174947}},"self":65.1281216,"total":1728.501657,"children":{"AgentSendState":{"count":233084,"self":1.583526,"total":185.186187,"children":{"CollectObservations":{"count":77896,"self":0.230681,"total":0.230681,"children":null},"CollectDiscreteActionMasks":{"count":77896,"self":0.172041,"total":0.172041,"children":null},"AgentInfo.ToProto":{"count":77896,"self":0.57780199999999993,"total":183.199939,"children":{"GenerateSensorData":{"count":77896,"self":1.42759,"total":182.62213699999998,"children":{"CameraSensor.GetCompressedObservation":{"count":77896,"self":181.1945472,"total":181.194547,"children":null}}}}}}},"DecideAction":{"count":233084,"self":1475.9401472,"total":1475.940175,"children":null},"AgentAct":{"count":233084,"self":1.535156,"total":1.9491079999999998,"children":{"AgentInfo.ToProto":{"count":167,"self":0.0012259999999999999,"total":0.413952,"children":{"GenerateSensorData":{"count":167,"self":0.003198,"total":0.412726,"children":{"CameraSensor.GetCompressedObservation":{"count":167,"self":0.409528,"total":0.409528,"children":null}}}}}}},"AgentInfo.ToProto":{"count":134,"self":0.001109,"total":0.297313,"children":{"GenerateSensorData":{"count":134,"self":0.00261,"total":0.29620399999999997,"children":{"CameraSensor.GetCompressedObservation":{"count":134,"self":0.29359399999999997,"total":0.29359399999999997,"children":null}}}}}}}