{"count":1,"gauges":{"AnimalAI.CumulativeReward":{"count":4417,"max":10.4323215,"min":-5.93988132,"value":4.141142,"weightedAverage":2.209139}},"self":1156.36224,"total":80250.830951999989,"children":{"AgentSendState":{"count":1709751,"self":61.906713599999996,"total":21027.944527,"children":{"CollectObservations":{"count":4559360,"self":16.246169599999998,"total":16.24617,"children":null},"CollectDiscreteActionMasks":{"count":4559360,"self":8.3044408,"total":8.3044409999999989,"children":null},"AgentInfo.ToProto":{"count":4559360,"self":35.1226656,"total":20941.4872,"children":{"GenerateSensorData":{"count":4559360,"self":135.08092159999998,"total":20906.364534,"children":{"CameraSensor.GetCompressedObservation":{"count":4559360,"self":20771.282944,"total":20771.283615,"children":null}}}}}}},"DecideAction":{"count":1709751,"self":58017.3299712,"total":58017.327815,"children":null},"AgentAct":{"count":1709751,"self":29.163257599999998,"total":34.185843,"children":{"AgentInfo.ToProto":{"count":1085,"self":0.014950999999999999,"total":5.0225859999999996,"children":{"GenerateSensorData":{"count":1085,"self":0.051823,"total":5.007635,"children":{"CameraSensor.GetCompressedObservation":{"count":1085,"self":4.955812,"total":4.955812,"children":null}}}}}}},"AgentInfo.ToProto":{"count":3332,"self":0.038772,"total":15.009780999999998,"children":{"GenerateSensorData":{"count":3332,"self":0.22963299999999998,"total":14.971008999999999,"children":{"CameraSensor.GetCompressedObservation":{"count":3332,"self":14.741375999999999,"total":14.741375999999999,"children":null}}}}}}}