{"count":1,"gauges":{"AnimalAI.CumulativeReward":{"count":6541,"max":11.590414,"min":-4.98232269,"value":-1.00000644,"weightedAverage":-1.00000584}},"self":1651.7241855999998,"total":84471.572489999991,"children":{"AgentSendState":{"count":2347417,"self":109.896384,"total":26975.118543999997,"children":{"CollectObservations":{"count":6259784,"self":30.177350399999998,"total":30.177349,"children":null},"CollectDiscreteActionMasks":{"count":6259784,"self":19.3917696,"total":19.391769999999998,"children":null},"AgentInfo.ToProto":{"count":6259784,"self":62.7227392,"total":26815.653035,"children":{"GenerateSensorData":{"count":6259784,"self":216.0300288,"total":26752.930295,"children":{"CameraSensor.GetCompressedObservation":{"count":6259784,"self":26536.901017599997,"total":26536.900259,"children":null}}}}}}},"DecideAction":{"count":2347417,"self":55763.776307199994,"total":55763.773896,"children":null},"AgentAct":{"count":2347417,"self":50.173078399999994,"total":63.909122999999994,"children":{"AgentInfo.ToProto":{"count":3129,"self":0.037198999999999996,"total":13.736046,"children":{"GenerateSensorData":{"count":3129,"self":0.14998999999999998,"total":13.698846999999999,"children":{"CameraSensor.GetCompressedObservation":{"count":3129,"self":13.5488576,"total":13.548857,"children":null}}}}}}},"AgentInfo.ToProto":{"count":3412,"self":0.050398,"total":17.045638,"children":{"GenerateSensorData":{"count":3412,"self":0.165902,"total":16.99524,"children":{"CameraSensor.GetCompressedObservation":{"count":3412,"self":16.8293376,"total":16.829338,"children":null}}}}}}}