{"count":1,"gauges":{"AnimalAI.CumulativeReward":{"count":16324,"max":32.3522873,"min":-4.99239445,"value":-1.00166,"weightedAverage":0.7460086}},"self":1327.3099264,"total":50127.731876,"children":{"AgentSendState":{"count":1247667,"self":83.709158399999993,"total":12804.016251,"children":{"CollectObservations":{"count":3339280,"self":23.7064816,"total":23.706481,"children":null},"CollectDiscreteActionMasks":{"count":3339280,"self":12.8251552,"total":12.825154999999999,"children":null},"AgentInfo.ToProto":{"count":3339280,"self":48.005347199999996,"total":12683.775458,"children":{"GenerateSensorData":{"count":3339280,"self":191.5970176,"total":12635.770112,"children":{"CameraSensor.GetCompressedObservation":{"count":3339280,"self":12444.1731072,"total":12444.173095,"children":null}}}}}}},"DecideAction":{"count":1247667,"self":35896.206950399996,"total":35896.20533,"children":null},"AgentAct":{"count":1247667,"self":30.030729599999997,"total":30.030728999999997,"children":null},"AgentInfo.ToProto":{"count":16324,"self":0.319907,"total":70.16831599999999,"children":{"GenerateSensorData":{"count":16324,"self":1.039634,"total":69.848409,"children":{"CameraSensor.GetCompressedObservation":{"count":16324,"self":68.80877439999999,"total":68.808775,"children":null}}}}}}}