{"count":1,"gauges":{"AnimalAI.CumulativeReward":{"count":770,"max":1.6606679,"min":-8.450223,"value":-4.11587,"weightedAverage":-2.76477814}},"self":317.4884096,"total":6877.462727,"children":{"AgentSendState":{"count":1089834,"self":8.3102591999999991,"total":603.371756,"children":{"CollectObservations":{"count":364613,"self":1.163972,"total":1.163972,"children":null},"CollectDiscreteActionMasks":{"count":364613,"self":0.91296599999999994,"total":0.91296599999999994,"children":null},"AgentInfo.ToProto":{"count":364613,"self":3.0585549999999997,"total":592.984559,"children":{"GenerateSensorData":{"count":364613,"self":8.8430016,"total":589.92600399999992,"children":{"CameraSensor.GetCompressedObservation":{"count":364613,"self":581.0829824,"total":581.083002,"children":null}}}}}}},"DecideAction":{"count":1089834,"self":5947.9097344,"total":5947.909769,"children":null},"AgentAct":{"count":1089834,"self":7.4189848,"total":8.610532,"children":{"AgentInfo.ToProto":{"count":715,"self":0.0059889999999999995,"total":1.191547,"children":{"GenerateSensorData":{"count":715,"self":0.017103999999999998,"total":1.185558,"children":{"CameraSensor.GetCompressedObservation":{"count":715,"self":1.1684539999999999,"total":1.1684539999999999,"children":null}}}}}}},"AgentInfo.ToProto":{"count":55,"self":0.0010479999999999999,"total":0.081521,"children":{"GenerateSensorData":{"count":55,"self":0.000977,"total":0.080473,"children":{"CameraSensor.GetCompressedObservation":{"count":55,"self":0.079496,"total":0.079496,"children":null}}}}}}}