{"count":1,"gauges":{"AnimalAI.CumulativeReward":{"count":834,"max":32.9647064,"min":-2.85333276,"value":-1.0006783,"weightedAverage":-1.00067806}},"self":221.05751039999998,"total":6294.2750399999995,"children":{"AgentSendState":{"count":703834,"self":5.2110392,"total":1167.621297,"children":{"CollectObservations":{"count":235168,"self":0.73186299999999993,"total":0.73186299999999993,"children":null},"CollectDiscreteActionMasks":{"count":235168,"self":0.534144,"total":0.534144,"children":null},"AgentInfo.ToProto":{"count":235168,"self":1.929157,"total":1161.144251,"children":{"GenerateSensorData":{"count":235168,"self":13.9999152,"total":1159.215094,"children":{"CameraSensor.GetCompressedObservation":{"count":235168,"self":1145.2151807999999,"total":1145.215179,"children":null}}}}}}},"DecideAction":{"count":703834,"self":4896.08192,"total":4896.08205,"children":null},"AgentAct":{"count":703834,"self":5.294758,"total":7.9215019999999994,"children":{"AgentInfo.ToProto":{"count":522,"self":0.0048049999999999994,"total":2.626744,"children":{"GenerateSensorData":{"count":522,"self":0.035412,"total":2.621939,"children":{"CameraSensor.GetCompressedObservation":{"count":522,"self":2.586527,"total":2.586527,"children":null}}}}}}},"AgentInfo.ToProto":{"count":312,"self":0.002774,"total":1.591909,"children":{"GenerateSensorData":{"count":312,"self":0.024631999999999998,"total":1.589135,"children":{"CameraSensor.GetCompressedObservation":{"count":312,"self":1.564503,"total":1.564503,"children":null}}}}}}}