{"count":1,"gauges":{"AnimalAI.CumulativeReward":{"count":22452,"max":3.93200016,"min":-12.05715,"value":1.82600021,"weightedAverage":1.83285236}},"self":349.11516159999996,"total":21460.194851,"children":{"AgentSendState":{"count":641417,"self":28.9513216,"total":3865.870885,"children":{"CollectObservations":{"count":1716640,"self":7.9589903999999994,"total":7.95899,"children":null},"CollectDiscreteActionMasks":{"count":1716640,"self":5.359722,"total":5.359722,"children":null},"AgentInfo.ToProto":{"count":1716640,"self":17.3582352,"total":3823.600852,"children":{"GenerateSensorData":{"count":1716640,"self":55.207494399999995,"total":3806.242617,"children":{"CameraSensor.GetCompressedObservation":{"count":1716640,"self":3751.0352896,"total":3751.0351229999997,"children":null}}}}}}},"DecideAction":{"count":641417,"self":17174.9605376,"total":17174.960628999997,"children":null},"AgentAct":{"count":641417,"self":11.6523296,"total":11.65233,"children":null},"AgentInfo.ToProto":{"count":22452,"self":0.29739499999999996,"total":58.594682999999996,"children":{"GenerateSensorData":{"count":22452,"self":0.880825,"total":58.297287999999995,"children":{"CameraSensor.GetCompressedObservation":{"count":22452,"self":57.416460799999996,"total":57.416463,"children":null}}}}}}}