{"count":1,"gauges":{"AnimalAI.CumulativeReward":{"count":51,"max":0.871000051,"min":-1.00400651,"value":0.7910005,"weightedAverage":0.3368623}},"self":7.0777984,"total":119.382904,"children":{"AgentSendState":{"count":25334,"self":0.17976599999999998,"total":19.816150999999998,"children":{"CollectObservations":{"count":8480,"self":0.025386,"total":0.025386,"children":null},"CollectDiscreteActionMasks":{"count":8480,"self":0.019718,"total":0.019718,"children":null},"AgentInfo.ToProto":{"count":8480,"self":0.066972999999999991,"total":19.591281,"children":{"GenerateSensorData":{"count":8480,"self":0.165153,"total":19.524307999999998,"children":{"CameraSensor.GetCompressedObservation":{"count":8480,"self":19.3591552,"total":19.359154999999998,"children":null}}}}}}},"DecideAction":{"count":25334,"self":92.2334592,"total":92.23345599999999,"children":null},"AgentAct":{"count":25334,"self":0.146453,"total":0.183312,"children":{"AgentInfo.ToProto":{"count":18,"self":0.00014,"total":0.036858999999999996,"children":{"GenerateSensorData":{"count":18,"self":0.00080399999999999992,"total":0.036719,"children":{"CameraSensor.GetCompressedObservation":{"count":18,"self":0.035914999999999996,"total":0.035914999999999996,"children":null}}}}}}},"AgentInfo.ToProto":{"count":33,"self":0.000292,"total":0.071418,"children":{"GenerateSensorData":{"count":33,"self":0.00058199999999999994,"total":0.071126,"children":{"CameraSensor.GetCompressedObservation":{"count":33,"self":0.070544,"total":0.070544,"children":null}}}}}}}