{"count":1,"gauges":{"AnimalAI.CumulativeReward":{"count":7761,"max":4.86833334,"min":-6.06700754,"value":0.709667563,"weightedAverage":0.413864076}},"self":81.6656192,"total":11404.237342,"children":{"AgentSendState":{"count":167251,"self":6.385832,"total":3111.5409259999997,"children":{"CollectObservations":{"count":446392,"self":1.760581,"total":1.760581,"children":null},"CollectDiscreteActionMasks":{"count":446392,"self":0.96419599999999994,"total":0.96419599999999994,"children":null},"AgentInfo.ToProto":{"count":446392,"self":3.6971912,"total":3102.430317,"children":{"GenerateSensorData":{"count":446392,"self":18.238104,"total":3098.733126,"children":{"CameraSensor.GetCompressedObservation":{"count":446392,"self":3080.495104,"total":3080.495022,"children":null}}}}}}},"DecideAction":{"count":167251,"self":8150.986752,"total":8150.986543,"children":null},"AgentAct":{"count":167251,"self":2.852775,"total":3.4148739999999997,"children":{"AgentInfo.ToProto":{"count":72,"self":0.00064799999999999992,"total":0.562099,"children":{"GenerateSensorData":{"count":72,"self":0.001727,"total":0.56145099999999992,"children":{"CameraSensor.GetCompressedObservation":{"count":72,"self":0.559724,"total":0.559724,"children":null}}}}}}},"AgentInfo.ToProto":{"count":7689,"self":0.086959,"total":56.628197,"children":{"GenerateSensorData":{"count":7689,"self":0.42052,"total":56.541238,"children":{"CameraSensor.GetCompressedObservation":{"count":7689,"self":56.1207168,"total":56.120718,"children":null}}}}}}}43190899999999,"children":null}}}}}}}