{"count":1,"gauges":{"AnimalAI.CumulativeReward":{"count":31,"max":49.0238838,"min":0.8339908,"value":32.0468979,"weightedAverage":13.4038153}},"self":21.123268799999998,"total":643.908508,"children":{"AgentSendState":{"count":71501,"self":0.577423,"total":53.583935,"children":{"CollectObservations":{"count":23969,"self":0.081548,"total":0.081548,"children":null},"CollectDiscreteActionMasks":{"count":23969,"self":0.06181,"total":0.06181,"children":null},"AgentInfo.ToProto":{"count":23969,"self":0.23917,"total":52.863153999999994,"children":{"GenerateSensorData":{"count":23969,"self":0.585743,"total":52.623984,"children":{"CameraSensor.GetCompressedObservation":{"count":23969,"self":52.038239999999995,"total":52.038241,"children":null}}}}}}},"DecideAction":{"count":71501,"self":568.5878272,"total":568.587848,"children":null},"AgentAct":{"count":71501,"self":0.545816,"total":0.61195199999999994,"children":{"AgentInfo.ToProto":{"count":31,"self":0.000308,"total":0.066136,"children":{"GenerateSensorData":{"count":31,"self":0.0007,"total":0.065828,"children":{"CameraSensor.GetCompressedObservation":{"count":31,"self":0.065127999999999991,"total":0.065127999999999991,"children":null}}}}}}}}}