{"count":1,"gauges":{"AnimalAI.CumulativeReward":{"count":157,"max":8.3261,"min":-1.00133979,"value":4.63140345,"weightedAverage":2.86246538}},"self":36.4985888,"total":814.004905,"children":{"AgentSendState":{"count":130751,"self":0.907524,"total":64.922541,"children":{"CollectObservations":{"count":43719,"self":0.131651,"total":0.131651,"children":null},"CollectDiscreteActionMasks":{"count":43719,"self":0.10174,"total":0.10174,"children":null},"AgentInfo.ToProto":{"count":43719,"self":0.338344,"total":63.781625999999996,"children":{"GenerateSensorData":{"count":43719,"self":0.787422,"total":63.443281999999996,"children":{"CameraSensor.GetCompressedObservation":{"count":43719,"self":62.655859199999995,"total":62.65586,"children":null}}}}}}},"DecideAction":{"count":130751,"self":711.45973759999993,"total":711.459753,"children":null},"AgentAct":{"count":130751,"self":0.898127,"total":1.123238,"children":{"AgentInfo.ToProto":{"count":157,"self":0.00115,"total":0.22511099999999998,"children":{"GenerateSensorData":{"count":157,"self":0.002911,"total":0.223961,"children":{"CameraSensor.GetCompressedObservation":{"count":157,"self":0.22105,"total":0.22105,"children":null}}}}}}}}}