{"count":1,"gauges":{"AnimalAI.CumulativeReward":{"count":1929,"max":1.65266788,"min":-5.799748,"value":0.915,"weightedAverage":-0.800883055}},"self":447.57099519999997,"total":11329.336236,"children":{"AgentSendState":{"count":1595667,"self":10.6895056,"total":1234.679602,"children":{"CollectObservations":{"count":533891,"self":1.554263,"total":1.554263,"children":null},"CollectDiscreteActionMasks":{"count":533891,"self":1.2069079999999999,"total":1.2069079999999999,"children":null},"AgentInfo.ToProto":{"count":533891,"self":4.021634,"total":1221.228925,"children":{"GenerateSensorData":{"count":533891,"self":11.6111072,"total":1217.207291,"children":{"CameraSensor.GetCompressedObservation":{"count":533891,"self":1205.59616,"total":1205.596184,"children":null}}}}}}},"DecideAction":{"count":1595667,"self":9632.5722112,"total":9632.5724799999989,"children":null},"AgentAct":{"count":1595667,"self":10.291832,"total":13.214768,"children":{"AgentInfo.ToProto":{"count":1301,"self":0.009705,"total":2.922936,"children":{"GenerateSensorData":{"count":1301,"self":0.030483999999999997,"total":2.9132309999999997,"children":{"CameraSensor.GetCompressedObservation":{"count":1301,"self":2.8827469999999997,"total":2.8827469999999997,"children":null}}}}}}},"AgentInfo.ToProto":{"count":628,"self":0.0053029999999999996,"total":1.297432,"children":{"GenerateSensorData":{"count":628,"self":0.012836,"total":1.2921289999999999,"children":{"CameraSensor.GetCompressedObservation":{"count":628,"self":1.279293,"total":1.279293,"children":null}}}}}}}