{"count":1,"gauges":{"AnimalAI.CumulativeReward":{"count":336,"max":8.615086,"min":-4.867302,"value":-1.00000644,"weightedAverage":-1.00000668}},"self":77.02510079999999,"total":5278.247799,"children":{"AgentSendState":{"count":120001,"self":4.3179048,"total":1415.211452,"children":{"CollectObservations":{"count":320008,"self":1.1455849999999999,"total":1.1455849999999999,"children":null},"CollectDiscreteActionMasks":{"count":320008,"self":0.584703,"total":0.584703,"children":null},"AgentInfo.ToProto":{"count":320008,"self":2.465188,"total":1409.163259,"children":{"GenerateSensorData":{"count":320008,"self":11.4199136,"total":1406.698071,"children":{"CameraSensor.GetCompressedObservation":{"count":320008,"self":1395.2781312,"total":1395.278157,"children":null}}}}}}},"DecideAction":{"count":120001,"self":3782.2963711999996,"total":3782.2963999999997,"children":null},"AgentAct":{"count":120001,"self":2.2478569999999998,"total":2.913989,"children":{"AgentInfo.ToProto":{"count":160,"self":0.001398,"total":0.666132,"children":{"GenerateSensorData":{"count":160,"self":0.004746,"total":0.66473399999999994,"children":{"CameraSensor.GetCompressedObservation":{"count":160,"self":0.659988,"total":0.659988,"children":null}}}}}}},"AgentInfo.ToProto":{"count":176,"self":0.0018969999999999998,"total":0.80003399999999991,"children":{"GenerateSensorData":{"count":176,"self":0.007519,"total":0.798137,"children":{"CameraSensor.GetCompressedObservation":{"count":176,"self":0.79061799999999993,"total":0.79061799999999993,"children":null}}}}}}}