{"count":1,"gauges":{"AnimalAI.CumulativeReward":{"count":31,"max":13.0329952,"min":-2.38320661,"value":12.8715267,"weightedAverage":5.591884}},"self":20.017248,"total":534.028011,"children":{"AgentSendState":{"count":66501,"self":0.55564,"total":50.551482,"children":{"CollectObservations":{"count":22302,"self":0.077591,"total":0.077591,"children":null},"CollectDiscreteActionMasks":{"count":22302,"self":0.05629,"total":0.05629,"children":null},"AgentInfo.ToProto":{"count":22302,"self":0.21392599999999998,"total":49.861961,"children":{"GenerateSensorData":{"count":22302,"self":0.589808,"total":49.648035,"children":{"CameraSensor.GetCompressedObservation":{"count":22302,"self":49.0582272,"total":49.058226999999995,"children":null}}}}}}},"DecideAction":{"count":66501,"self":462.8588544,"total":462.85885299999995,"children":null},"AgentAct":{"count":66501,"self":0.521479,"total":0.598997,"children":{"AgentInfo.ToProto":{"count":31,"self":0.000309,"total":0.07751799999999999,"children":{"GenerateSensorData":{"count":31,"self":0.000677,"total":0.077209,"children":{"CameraSensor.GetCompressedObservation":{"count":31,"self":0.076532,"total":0.076532,"children":null}}}}}}}}}