{"count":1,"gauges":{"AnimalAI.CumulativeReward":{"count":19,"max":1.63666582,"min":-1.00667787,"value":-1.0006783,"weightedAverage":-0.8834723}},"self":7.9822631999999993,"total":231.73084999999998,"children":{"AgentSendState":{"count":27584,"self":0.187143,"total":21.684874999999998,"children":{"CollectObservations":{"count":9208,"self":0.027833999999999998,"total":0.027833999999999998,"children":null},"CollectDiscreteActionMasks":{"count":9208,"self":0.020968,"total":0.020968,"children":null},"AgentInfo.ToProto":{"count":9208,"self":0.069321,"total":21.44893,"children":{"GenerateSensorData":{"count":9208,"self":0.168345,"total":21.379609,"children":{"CameraSensor.GetCompressedObservation":{"count":9208,"self":21.211264,"total":21.211264,"children":null}}}}}}},"DecideAction":{"count":27584,"self":201.82268159999998,"total":201.82268299999998,"children":null},"AgentAct":{"count":27584,"self":0.190445,"total":0.238284,"children":{"AgentInfo.ToProto":{"count":18,"self":0.000137,"total":0.047839,"children":{"GenerateSensorData":{"count":18,"self":0.000299,"total":0.047701999999999994,"children":{"CameraSensor.GetCompressedObservation":{"count":18,"self":0.047403,"total":0.047403,"children":null}}}}}}},"AgentInfo.ToProto":{"count":1,"self":9E-06,"total":0.001952,"children":{"GenerateSensorData":{"count":1,"self":1.7E-05,"total":0.0019429999999999998,"children":{"CameraSensor.GetCompressedObservation":{"count":1,"self":0.001926,"total":0.001926,"children":null}}}}}}}