{"count":1,"gauges":{"AnimalAI.CumulativeReward":{"count":801,"max":37.96164,"min":-2.707951,"value":3.99439049,"weightedAverage":3.83669138}},"self":229.644288,"total":9957.587196,"children":{"AgentSendState":{"count":603584,"self":6.6501768,"total":1372.6974989999999,"children":{"CollectObservations":{"count":201730,"self":0.859331,"total":0.859331,"children":null},"CollectDiscreteActionMasks":{"count":201730,"self":0.635127,"total":0.635127,"children":null},"AgentInfo.ToProto":{"count":201730,"self":2.7128289999999997,"total":1364.552864,"children":{"GenerateSensorData":{"count":201730,"self":21.2736336,"total":1361.840035,"children":{"CameraSensor.GetCompressedObservation":{"count":201730,"self":1340.5664256,"total":1340.566402,"children":null}}}}}}},"DecideAction":{"count":603584,"self":8343.0162432,"total":8343.015942,"children":null},"AgentAct":{"count":603584,"self":6.6615259999999994,"total":9.622626,"children":{"AgentInfo.ToProto":{"count":454,"self":0.005876,"total":2.9611,"children":{"GenerateSensorData":{"count":454,"self":0.036203,"total":2.955224,"children":{"CameraSensor.GetCompressedObservation":{"count":454,"self":2.919021,"total":2.919021,"children":null}}}}}}},"AgentInfo.ToProto":{"count":347,"self":0.005118,"total":2.606082,"children":{"GenerateSensorData":{"count":347,"self":0.048895999999999995,"total":2.600964,"children":{"CameraSensor.GetCompressedObservation":{"count":347,"self":2.552068,"total":2.552068,"children":null}}}}}}}