{"count":1,"gauges":{"AnimalAI.CumulativeReward":{"count":71651,"max":1.998,"min":-1.99869,"value":1.62866807,"weightedAverage":1.64868069}},"self":2295.9292416,"total":138969.21537299998,"children":{"AgentSendState":{"count":2741584,"self":183.5253632,"total":37817.729223999995,"children":{"CollectObservations":{"count":7324016,"self":49.027958399999996,"total":49.027958999999996,"children":null},"CollectDiscreteActionMasks":{"count":7324016,"self":30.877174399999998,"total":30.877173,"children":null},"AgentInfo.ToProto":{"count":7324016,"self":106.083328,"total":37554.298732999996,"children":{"GenerateSensorData":{"count":7324016,"self":337.2781056,"total":37448.215402999995,"children":{"CameraSensor.GetCompressedObservation":{"count":7324016,"self":37110.9363712,"total":37110.937309,"children":null}}}}}}},"DecideAction":{"count":2741584,"self":98398.1883392,"total":98398.190907,"children":null},"AgentAct":{"count":2741584,"self":67.1402432,"total":83.667042999999993,"children":{"AgentInfo.ToProto":{"count":2826,"self":0.054658,"total":16.526802,"children":{"GenerateSensorData":{"count":2826,"self":0.167768,"total":16.472144,"children":{"CameraSensor.GetCompressedObservation":{"count":2826,"self":16.304375999999998,"total":16.304375999999998,"children":null}}}}}}},"AgentInfo.ToProto":{"count":68825,"self":1.238326,"total":373.697549,"children":{"GenerateSensorData":{"count":68825,"self":3.2931079999999997,"total":372.459223,"children":{"CameraSensor.GetCompressedObservation":{"count":68825,"self":369.1661056,"total":369.166115,"children":null}}}}}}}n":null}}}}}}}