{"count":1,"gauges":{"AnimalAI.CumulativeReward":{"count":48768,"max":3.960815,"min":-4.90741062,"value":3.6052587,"weightedAverage":3.565996}},"self":678.77841919999992,"total":31491.865707999998,"children":{"AgentSendState":{"count":1020751,"self":49.2139776,"total":9072.247532,"children":{"CollectObservations":{"count":2732344,"self":13.2043112,"total":13.204310999999999,"children":null},"CollectDiscreteActionMasks":{"count":2732344,"self":8.590776,"total":8.590776,"children":null},"AgentInfo.ToProto":{"count":2732344,"self":28.0436864,"total":9001.238468,"children":{"GenerateSensorData":{"count":2732344,"self":80.0982976,"total":8973.194781,"children":{"CameraSensor.GetCompressedObservation":{"count":2732344,"self":8893.0967552,"total":8893.096481999999,"children":null}}}}}}},"DecideAction":{"count":1020751,"self":21543.6836864,"total":21543.684144,"children":null},"AgentAct":{"count":1020751,"self":19.0848512,"total":21.878328,"children":{"AgentInfo.ToProto":{"count":804,"self":0.009529,"total":2.7934769999999998,"children":{"GenerateSensorData":{"count":804,"self":0.026056,"total":2.783948,"children":{"CameraSensor.GetCompressedObservation":{"count":804,"self":2.757892,"total":2.757892,"children":null}}}}}}},"AgentInfo.ToProto":{"count":47964,"self":0.66785299999999992,"total":175.276546,"children":{"GenerateSensorData":{"count":47964,"self":1.6676989999999998,"total":174.608693,"children":{"CameraSensor.GetCompressedObservation":{"count":47964,"self":172.940992,"total":172.940994,"children":null}}}}}}}