{"count":1,"gauges":{"AnimalAI.CumulativeReward":{"count":3947,"max":1.998,"min":-1.00133979,"value":1.79400039,"weightedAverage":0.790294766}},"self":817.18394879999994,"total":16696.576544,"children":{"AgentSendState":{"count":2101751,"self":23.0420816,"total":2283.244042,"children":{"CollectObservations":{"count":702492,"self":3.723912,"total":3.723912,"children":null},"CollectDiscreteActionMasks":{"count":702492,"self":1.964457,"total":1.964457,"children":null},"AgentInfo.ToProto":{"count":702492,"self":8.193968,"total":2254.513591,"children":{"GenerateSensorData":{"count":702492,"self":24.8535216,"total":2246.319623,"children":{"CameraSensor.GetCompressedObservation":{"count":702492,"self":2221.4660096,"total":2221.466102,"children":null}}}}}}},"DecideAction":{"count":2101751,"self":13523.0742528,"total":13523.073905,"children":null},"AgentAct":{"count":2101751,"self":61.640927999999995,"total":67.207962,"children":{"AgentInfo.ToProto":{"count":1866,"self":0.020987,"total":5.567034,"children":{"GenerateSensorData":{"count":1866,"self":0.064355,"total":5.546047,"children":{"CameraSensor.GetCompressedObservation":{"count":1866,"self":5.481692,"total":5.481692,"children":null}}}}}}},"AgentInfo.ToProto":{"count":2081,"self":0.027048,"total":5.865708,"children":{"GenerateSensorData":{"count":2081,"self":0.061433999999999996,"total":5.83866,"children":{"CameraSensor.GetCompressedObservation":{"count":2081,"self":5.777226,"total":5.777226,"children":null}}}}}}}