{"count":1,"gauges":{"AnimalAI.CumulativeReward":{"count":5458,"max":12.3809328,"min":-4.95961046,"value":-1.00000644,"weightedAverage":-0.9995696}},"self":1231.7722624,"total":85873.348573,"children":{"AgentSendState":{"count":1883417,"self":66.742176,"total":22530.183724,"children":{"CollectObservations":{"count":5022456,"self":18.0701344,"total":18.070135,"children":null},"CollectDiscreteActionMasks":{"count":5022456,"self":9.147636,"total":9.147636,"children":null},"AgentInfo.ToProto":{"count":5022456,"self":40.2431936,"total":22436.22378,"children":{"GenerateSensorData":{"count":5022456,"self":163.19604479999998,"total":22395.980588,"children":{"CameraSensor.GetCompressedObservation":{"count":5022456,"self":22232.784895999997,"total":22232.784547,"children":null}}}}}}},"DecideAction":{"count":1883417,"self":62053.4759424,"total":62053.476419,"children":null},"AgentAct":{"count":1883417,"self":33.140150399999996,"total":43.477961,"children":{"AgentInfo.ToProto":{"count":2511,"self":0.023617,"total":10.337812,"children":{"GenerateSensorData":{"count":2511,"self":0.103556,"total":10.314195,"children":{"CameraSensor.GetCompressedObservation":{"count":2511,"self":10.2106392,"total":10.210638999999999,"children":null}}}}}}},"AgentInfo.ToProto":{"count":2947,"self":0.034205,"total":14.43733,"children":{"GenerateSensorData":{"count":2947,"self":0.124744,"total":14.403125,"children":{"CameraSensor.GetCompressedObservation":{"count":2947,"self":14.278380799999999,"total":14.278381,"children":null}}}}}}}