{"count":1,"gauges":{"AnimalAI.CumulativeReward":{"count":47464,"max":3.96822238,"min":-3.61847281,"value":2.897,"weightedAverage":2.90057874}},"self":660.316928,"total":30845.369275999998,"children":{"AgentSendState":{"count":1013251,"self":48.736470399999995,"total":9023.498381,"children":{"CollectObservations":{"count":2712280,"self":13.387148799999999,"total":13.387148999999999,"children":null},"CollectDiscreteActionMasks":{"count":2712280,"self":8.6746807999999991,"total":8.674681,"children":null},"AgentInfo.ToProto":{"count":2712280,"self":28.3337984,"total":8952.700080999999,"children":{"GenerateSensorData":{"count":2712280,"self":79.17028479999999,"total":8924.3662809999987,"children":{"CameraSensor.GetCompressedObservation":{"count":2712280,"self":8845.1956736,"total":8845.195996,"children":null}}}}}}},"DecideAction":{"count":1013251,"self":20971.6854784,"total":20971.685557,"children":null},"AgentAct":{"count":1013251,"self":17.8721648,"total":18.122761,"children":{"AgentInfo.ToProto":{"count":67,"self":0.000783,"total":0.250596,"children":{"GenerateSensorData":{"count":67,"self":0.001591,"total":0.24981299999999998,"children":{"CameraSensor.GetCompressedObservation":{"count":67,"self":0.248222,"total":0.248222,"children":null}}}}}}},"AgentInfo.ToProto":{"count":47397,"self":0.662663,"total":171.744894,"children":{"GenerateSensorData":{"count":47397,"self":1.653872,"total":171.08223099999998,"children":{"CameraSensor.GetCompressedObservation":{"count":47397,"self":169.4283648,"total":169.428359,"children":null}}}}}}}