{"count":1,"gauges":{"AnimalAI.CumulativeReward":{"count":14,"max":1.10465682,"min":-1.00201154,"value":-1.0006783,"weightedAverage":-0.7048655}},"self":6.24379,"total":184.76443999999998,"children":{"AgentSendState":{"count":21084,"self":0.15218099999999998,"total":16.663667,"children":{"CollectObservations":{"count":7039,"self":0.021393,"total":0.021393,"children":null},"CollectDiscreteActionMasks":{"count":7039,"self":0.015927999999999998,"total":0.015927999999999998,"children":null},"AgentInfo.ToProto":{"count":7039,"self":0.055451999999999994,"total":16.474165,"children":{"GenerateSensorData":{"count":7039,"self":0.147441,"total":16.418713,"children":{"CameraSensor.GetCompressedObservation":{"count":7039,"self":16.271272,"total":16.271272,"children":null}}}}}}},"DecideAction":{"count":21084,"self":161.6542208,"total":161.654225,"children":null},"AgentAct":{"count":21084,"self":0.146234,"total":0.20013899999999998,"children":{"AgentInfo.ToProto":{"count":13,"self":0.000103,"total":0.053904999999999995,"children":{"GenerateSensorData":{"count":13,"self":0.000227,"total":0.053801999999999996,"children":{"CameraSensor.GetCompressedObservation":{"count":13,"self":0.053575,"total":0.053575,"children":null}}}}}}},"AgentInfo.ToProto":{"count":1,"self":1.2E-05,"total":0.00187,"children":{"GenerateSensorData":{"count":1,"self":1.4999999999999999E-05,"total":0.0018579999999999998,"children":{"CameraSensor.GetCompressedObservation":{"count":1,"self":0.001843,"total":0.001843,"children":null}}}}}}}