{"count":1,"gauges":{"AnimalAI.CumulativeReward":{"count":2502,"max":1.64800024,"min":-5.04380274,"value":-1.00133979,"weightedAverage":-0.5398892}},"self":518.2810624,"total":13864.304223,"children":{"AgentSendState":{"count":1836417,"self":12.368998399999999,"total":1427.279398,"children":{"CollectObservations":{"count":614141,"self":1.827302,"total":1.827302,"children":null},"CollectDiscreteActionMasks":{"count":614141,"self":1.390197,"total":1.390197,"children":null},"AgentInfo.ToProto":{"count":614141,"self":4.5053111999999995,"total":1411.692901,"children":{"GenerateSensorData":{"count":614141,"self":13.579016,"total":1407.18759,"children":{"CameraSensor.GetCompressedObservation":{"count":614141,"self":1393.6086016,"total":1393.6085739999999,"children":null}}}}}}},"DecideAction":{"count":1836417,"self":11900.9656832,"total":11900.965895,"children":null},"AgentAct":{"count":1836417,"self":12.3585712,"total":16.558771,"children":{"AgentInfo.ToProto":{"count":1905,"self":0.013800999999999999,"total":4.2002,"children":{"GenerateSensorData":{"count":1905,"self":0.041308,"total":4.186399,"children":{"CameraSensor.GetCompressedObservation":{"count":1905,"self":4.1450911999999995,"total":4.145091,"children":null}}}}}}},"AgentInfo.ToProto":{"count":597,"self":0.004925,"total":1.218287,"children":{"GenerateSensorData":{"count":597,"self":0.013637,"total":1.213362,"children":{"CameraSensor.GetCompressedObservation":{"count":597,"self":1.199725,"total":1.199725,"children":null}}}}}}}