{"count":1,"gauges":{"AnimalAI.CumulativeReward":{"count":2152,"max":26.8163834,"min":-4.98023558,"value":9.3850565,"weightedAverage":13.989357}},"self":3090.7303936,"total":59863.791830999995,"children":{"AgentSendState":{"count":689251,"self":35.5088192,"total":26630.209059999997,"children":{"CollectObservations":{"count":1838008,"self":8.7373535999999987,"total":8.737354,"children":null},"CollectDiscreteActionMasks":{"count":1838008,"self":5.121344,"total":5.121344,"children":null},"AgentInfo.ToProto":{"count":1838008,"self":19.1148176,"total":26580.841544,"children":{"GenerateSensorData":{"count":1838008,"self":98.3038016,"total":26561.726726999997,"children":{"CameraSensor.GetCompressedObservation":{"count":1838008,"self":26463.4236928,"total":26463.422925,"children":null}}}}}}},"DecideAction":{"count":689251,"self":30070.9707776,"total":30070.969756,"children":null},"AgentAct":{"count":689251,"self":27.9379648,"total":43.292953999999995,"children":{"AgentInfo.ToProto":{"count":831,"self":0.011737,"total":15.354987999999999,"children":{"GenerateSensorData":{"count":831,"self":0.056332,"total":15.343250999999999,"children":{"CameraSensor.GetCompressedObservation":{"count":831,"self":15.2869184,"total":15.286919,"children":null}}}}}}},"AgentInfo.ToProto":{"count":1321,"self":0.020826,"total":28.588258999999997,"children":{"GenerateSensorData":{"count":1321,"self":0.08352699999999999,"total":28.567432999999998,"children":{"CameraSensor.GetCompressedObservation":{"count":1321,"self":28.483907199999997,"total":28.483905999999998,"children":null}}}}}}}