{"count":1,"gauges":{"AnimalAI.CumulativeReward":{"count":6991,"max":11.7723866,"min":-4.990161,"value":-1.00000644,"weightedAverage":-0.998835}},"self":10983.666483199999,"total":60675.298526,"children":{"AgentSendState":{"count":2853001,"self":73.6452864,"total":23548.775058,"children":{"CollectObservations":{"count":3804044,"self":16.2353536,"total":16.235353,"children":null},"CollectDiscreteActionMasks":{"count":3804044,"self":11.0981408,"total":11.098141,"children":null},"AgentInfo.ToProto":{"count":3804044,"self":35.4145216,"total":23447.796277999998,"children":{"GenerateSensorData":{"count":3804044,"self":162.1249408,"total":23412.381755,"children":{"CameraSensor.GetCompressedObservation":{"count":3804044,"self":23250.2575104,"total":23250.25682,"children":null}}}}}}},"DecideAction":{"count":2853001,"self":26005.5318528,"total":26005.531226,"children":null},"AgentAct":{"count":2853001,"self":73.656902399999993,"total":108.309973,"children":{"AgentInfo.ToProto":{"count":3738,"self":0.05078,"total":34.653068,"children":{"GenerateSensorData":{"count":3738,"self":0.215051,"total":34.602288,"children":{"CameraSensor.GetCompressedObservation":{"count":3738,"self":34.3872384,"total":34.387237,"children":null}}}}}}},"AgentInfo.ToProto":{"count":3253,"self":0.050203,"total":29.014939,"children":{"GenerateSensorData":{"count":3253,"self":0.152582,"total":28.964736,"children":{"CameraSensor.GetCompressedObservation":{"count":3253,"self":28.8121536,"total":28.812154,"children":null}}}}}}}