{"count":1,"gauges":{"AnimalAI.CumulativeReward":{"count":2676,"max":9.404522,"min":-4.977889,"value":-1.00000644,"weightedAverage":-0.6354246}},"self":547.55476479999993,"total":69675.422961,"children":{"AgentSendState":{"count":797834,"self":37.3290048,"total":21128.172554999997,"children":{"CollectObservations":{"count":2127624,"self":9.8583743999999989,"total":9.858374,"children":null},"CollectDiscreteActionMasks":{"count":2127624,"self":5.0286232,"total":5.028623,"children":null},"AgentInfo.ToProto":{"count":2127624,"self":20.9064496,"total":21075.956553,"children":{"GenerateSensorData":{"count":2127624,"self":116.1794432,"total":21055.050102999998,"children":{"CameraSensor.GetCompressedObservation":{"count":2127624,"self":20938.8699648,"total":20938.870664,"children":null}}}}}}},"DecideAction":{"count":797834,"self":47957.6064,"total":47957.606437999995,"children":null},"AgentAct":{"count":797834,"self":14.9397024,"total":23.259973,"children":{"AgentInfo.ToProto":{"count":968,"self":0.0098479999999999991,"total":8.3202699999999989,"children":{"GenerateSensorData":{"count":968,"self":0.105697,"total":8.3104219999999991,"children":{"CameraSensor.GetCompressedObservation":{"count":968,"self":8.2047248,"total":8.204725,"children":null}}}}}}},"AgentInfo.ToProto":{"count":1708,"self":0.02204,"total":18.828402999999998,"children":{"GenerateSensorData":{"count":1708,"self":0.143419,"total":18.806362999999997,"children":{"CameraSensor.GetCompressedObservation":{"count":1708,"self":18.662944,"total":18.662944,"children":null}}}}}}}99999996,"children":null}}}}}}}