{
    "name": "root",
    "gauges": {
        "AnimalAI.mean_reward": {
            "value": 0.7768889115243737,
            "min": -0.9999999310821295,
            "max": 0.9346281756603131,
            "count": 268
        },
        "explore_right1_AnimalAI.Policy/Entropy.mean": {
            "value": 0.5034615993499756,
            "min": 0.1523876190185547,
            "max": 2.188988208770752,
            "count": 268
        },
        "explore_right1_AnimalAI.Environment/Lesson.mean": {
            "value": 119.0,
            "min": 0.0,
            "max": 119.0,
            "count": 268
        },
        "explore_right1_AnimalAI.Policy/Extrinsic Value Estimate.mean": {
            "value": 0.6682121753692627,
            "min": -0.38479048013687134,
            "max": 0.8733218312263489,
            "count": 268
        },
        "explore_right1_AnimalAI.Policy/Curiosity Value Estimate.mean": {
            "value": 0.013114147819578648,
            "min": 0.002719470765441656,
            "max": 0.5662271976470947,
            "count": 268
        },
        "explore_right1_AnimalAI.Losses/Value Loss.mean": {
            "value": 0.0016636274522170424,
            "min": 0.0001661980786593631,
            "max": 0.0413043349981308,
            "count": 268
        },
        "explore_right1_AnimalAI.Losses/Policy Loss.mean": {
            "value": 0.10298280417919159,
            "min": 0.0901126116514206,
            "max": 0.10790761560201645,
            "count": 268
        },
        "explore_right1_AnimalAI.Policy/Learning Rate.mean": {
            "value": 0.0002197532739955932,
            "min": 0.0002197532739955932,
            "max": 0.00029983220156282187,
            "count": 268
        },
        "explore_right1_AnimalAI.Losses/Curiosity Forward Loss.mean": {
            "value": 0.005955995060503483,
            "min": 0.001190932933241129,
            "max": 0.4004925787448883,
            "count": 268
        },
        "explore_right1_AnimalAI.Losses/Curiosity Inverse Loss.mean": {
            "value": 0.008338999934494495,
            "min": 3.613253284129314e-05,
            "max": 1.4056410789489746,
            "count": 268
        },
        "explore_right1_AnimalAI.Environment/Cumulative Reward.mean": {
            "value": 0.7768889115243737,
            "min": -0.9999999310821295,
            "max": 0.9346281756603131,
            "count": 268
        },
        "explore_right1_AnimalAI.Environment/Episode Length.mean": {
            "value": 54.87777777777778,
            "min": 15.514851485148515,
            "max": 248.0,
            "count": 268
        },
        "explore_right1_AnimalAI.Policy/Extrinsic Reward.mean": {
            "value": 0.7769447775835491,
            "min": -1.0000000894069672,
            "max": 0.9346259692714552,
            "count": 268
        },
        "explore_right1_AnimalAI.Policy/Curiosity Reward.mean": {
            "value": 0.003485401576508392,
            "min": 0.0012398438182600782,
            "max": 1.1362991779195992,
            "count": 268
        }
    },
    "total": 5728.40709926514,
    "count": 1,
    "self": 0.8077014482114464,
    "children": {
        "run_training.setup": {
            "total": 1.011100506875664,
            "count": 1,
            "self": 1.011100506875664
        },
        "TrainerController.start_learning": {
            "total": 5726.588297310052,
            "count": 1,
            "self": 2034.2517752873246,
            "children": {
                "TrainerControllerAAI._reset_env": {
                    "total": 11.962407835759223,
                    "count": 120,
                    "self": 11.962407835759223
                },
                "TrainerController.advance": {
                    "total": 3679.003583290847,
                    "count": 218553,
                    "self": 6.326570111792535,
                    "children": {
                        "env_step": {
                            "total": 2805.8264333249535,
                            "count": 218553,
                            "self": 2497.96380539611,
                            "children": {
                                "SubprocessEnvManager._take_step": {
                                    "total": 303.69147665495984,
                                    "count": 366231,
                                    "self": 15.67421314585954,
                                    "children": {
                                        "NNPolicy.evaluate": {
                                            "total": 288.0172635091003,
                                            "count": 366231,
                                            "self": 288.0172635091003
                                        }
                                    }
                                },
                                "workers": {
                                    "total": 4.171151273883879,
                                    "count": 218552,
                                    "self": 0.0,
                                    "children": {
                                        "worker_root": {
                                            "total": 22881.505917350296,
                                            "count": 365965,
                                            "is_parallel": true,
                                            "self": 7661.3896894690115,
                                            "children": {
                                                "run_training.setup": {
                                                    "total": 0.0,
                                                    "count": 0,
                                                    "is_parallel": true,
                                                    "self": 0.0,
                                                    "children": {
                                                        "batched_step_result_from_proto": {
                                                            "total": 0.0036723422817885876,
                                                            "count": 8,
                                                            "is_parallel": true,
                                                            "self": 0.0019439919851720333,
                                                            "children": {
                                                                "_process_vector_observation": {
                                                                    "total": 0.0017283502966165543,
                                                                    "count": 8,
                                                                    "is_parallel": true,
                                                                    "self": 0.0017283502966165543
                                                                }
                                                            }
                                                        },
                                                        "UnityEnvironment.step": {
                                                            "total": 0.2332002001348883,
                                                            "count": 4,
                                                            "is_parallel": true,
                                                            "self": 0.011430802289396524,
                                                            "children": {
                                                                "UnityEnvironment._generate_step_input": {
                                                                    "total": 0.0005243639461696148,
                                                                    "count": 4,
                                                                    "is_parallel": true,