{
    "name": "root",
    "gauges": {
        "explore_right_AnimalAI.Policy.Entropy.mean": {
            "value": 0.9380654096603394,
            "min": 0.7972317337989807,
            "max": 2.194554567337036,
            "count": 154
        },
        "explore_right_AnimalAI.Environment.Lesson.mean": {
            "value": 119.0,
            "min": 0.0,
            "max": 119.0,
            "count": 154
        },
        "explore_right_AnimalAI.Policy.ExtrinsicValueEstimate.mean": {
            "value": 0.6414117813110352,
            "min": -0.36828136444091797,
            "max": 0.8867710828781128,
            "count": 154
        },
        "explore_right_AnimalAI.Losses.ValueLoss.mean": {
            "value": 0.005017752759158611,
            "min": 0.0010022445349022746,
            "max": 0.04534569010138512,
            "count": 154
        },
        "explore_right_AnimalAI.Losses.PolicyLoss.mean": {
            "value": 0.10374051332473755,
            "min": 0.08706130087375641,
            "max": 0.10780549049377441,
            "count": 154
        },
        "explore_right_AnimalAI.Policy.LearningRate.mean": {
            "value": 8.465213613817468e-05,
            "min": 8.465213613817468e-05,
            "max": 9.994428546633571e-05,
            "count": 154
        },
        "explore_right_AnimalAI.Environment.EpisodeLength.mean": {
            "value": 56.383720930232556,
            "min": 14.092145015105741,
            "max": 248.0,
            "count": 154
        },
        "explore_right_AnimalAI.Environment.CumulativeReward.mean": {
            "value": 0.7646957691325698,
            "min": -1.0000000894069672,
            "max": 0.9405123317223688,
            "count": 154
        },
        "explore_right_AnimalAI.Policy.ExtrinsicReward.mean": {
            "value": 0.7646957691325698,
            "min": -1.0000000894069672,
            "max": 0.9405123317223688,
            "count": 154
        },
        "explore_right_AnimalAI.IsTraining.mean": {
            "value": 1.0,
            "min": 1.0,
            "max": 1.0,
            "count": 154
        }
    },
    "total": 3162.451228036545,
    "count": 1,
    "self": 0.8905665716156363,
    "children": {
        "run_training.setup": {
            "total": 1.0602725530043244,
            "count": 1,
            "self": 1.0602725530043244
        },
        "TrainerController.start_learning": {
            "total": 3160.5003889119253,
            "count": 1,
            "self": 1199.7016221396625,
            "children": {
                "TrainerControllerAAI._reset_env": {
                    "total": 12.490262524224818,
                    "count": 120,
                    "self": 12.490262524224818
                },
                "TrainerController.advance": {
                    "total": 1947.385712170042,
                    "count": 131114,
                    "self": 4.495152039453387,
                    "children": {
                        "env_step": {
                            "total": 1549.111405564472,
                            "count": 131114,
                            "self": 1313.1263828016818,
                            "children": {
                                "SubprocessEnvManager._take_step": {
                                    "total": 232.99223403818905,
                                    "count": 223127,
                                    "self": 11.883198360912502,
                                    "children": {
                                        "NNPolicy.evaluate": {
                                            "total": 221.10903567727655,
                                            "count": 223127,
                                            "self": 221.10903567727655
                                        }
                                    }
                                },
                                "workers": {
                                    "total": 2.9927887246012688,
                                    "count": 131113,
                                    "self": 0.0,
                                    "children": {
                                        "worker_root": {
                                            "total": 12618.05048333574,
                                            "count": 222862,
                                            "is_parallel": true,
                                            "self": 4297.846855005249,
                                            "children": {
                                                "run_training.setup": {
                                                    "total": 0.0,
                                                    "count": 0,
                                                    "is_parallel": true,
                                                    "self": 0.0,
                                                    "children": {
                                                        "batched_step_result_from_proto": {
                                                            "total": 0.0038677649572491646,
                                                            "count": 8,
                                                            "is_parallel": true,
                                                            "self": 0.002022344619035721,
                                                            "children": {
                                                                "_process_vector_observation": {
                                                                    "total": 0.0018454203382134438,
                                                                    "count": 8,
                                                                    "is_parallel": true,
                                                                    "self": 0.0018454203382134438
                                                                }
                                                            }
                                                        },
                                                        "UnityEnvironment.step": {
                                                            "total": 0.2584654847159982,
                                                            "count": 4,
                                                            "is_parallel": true,
                                                            "self": 0.013132714666426182,
                                                            "children": {
                                                                "UnityEnvironment._generate_step_input": {
                                                                    "total": 0.0006109457463026047,
                                                                    "count": 4,
                                                                    "is_parallel": true,
                                                                    "self": 0.0006109457463026047
                                                                },
                                                                "communicator.exchange": {
                                                                    "total": 0.2432943470776081,
                                                                    "count": 4,
                                                                    "is_parallel": true,
                                                                    "self": 0.2432943470776081
                                                                },
                                                                "batched_step_result_from_proto": {
                                                                    "total": 0.0014274772256612778,
                                                                    "count": 4,