{
    "name": "root",
    "total": 0.32145866472274065,
    "count": 1,
    "self": 0.2326940093189478,
    "children": {
        "run_training.setup": {
            "total": 0.08834833512082696,
            "count": 1,
            "self": 0.08834833512082696
        },
        "TrainerController.start_learning": {
            "total": 0.0004163202829658985,
            "count": 1,
            "self": 0.00020901113748550415,
            "children": {
                "TrainerControllerAAI._reset_env": {
                    "total": 0.00020440202206373215,
                    "count": 1,
                    "self": 0.00020440202206373215
                },
                "TrainerController._save_model": {
                    "total": 2.907123416662216e-06,
                    "count": 1,
                    "self": 2.907123416662216e-06
                }
            }
        }
    }
}