{
    "name": "root",
    "total": 11.160771686118096,
    "count": 1,
    "self": 4.061302553396672,
    "children": {
        "run_training.setup": {
            "total": 0.09179752599447966,
            "count": 1,
            "self": 0.09179752599447966
        },
        "TrainerController.start_learning": {
            "total": 7.0076716067269444,
            "count": 1,
            "self": 2.259786771610379,
            "children": {
                "TrainerControllerAAI._reset_env": {
                    "total": 4.306025473866612,
                    "count": 1,
                    "self": 4.306025473866612
                },
                "TrainerController.advance": {
                    "total": 0.1501735053025186,
                    "count": 1,
                    "self": 1.7364509403705597e-05,
                    "children": {
                        "env_step": {
                            "total": 0.15012591192498803,
                            "count": 1,
                            "self": 0.05666919099166989,
                            "children": {
                                "SubprocessEnvManager._take_step": {
                                    "total": 0.0934307319112122,
                                    "count": 4,
                                    "self": 0.0002010297030210495,
                                    "children": {
                                        "NNPolicy.evaluate": {
                                            "total": 0.09322970220819116,
                                            "count": 4,
                                            "self": 0.09322970220819116
                                        }
                                    }
                                },
                                "workers": {
                                    "total": 2.5989022105932236e-05,
                                    "count": 1,
                                    "self": 0.0,
                                    "children": {
                                        "worker_root": {
                                            "total": 6.792513953987509,
                                            "count": 1,
                                            "is_parallel": true,
                                            "self": 6.792513953987509,
                                            "children": {
                                                "run_training.setup": {
                                                    "total": 0.0,
                                                    "count": 0,
                                                    "is_parallel": true,
                                                    "self": 0.0,
                                                    "children": {
                                                        "batched_step_result_from_proto": {
                                                            "total": 0.0036220233887434006,
                                                            "count": 2,
                                                            "is_parallel": true,
                                                            "self": 0.0006143511272966862,
                                                            "children": {
                                                                "_process_visual_observation": {
                                                                    "total": 0.002572326920926571,
                                                                    "count": 2,
                                                                    "is_parallel": true,
                                                                    "self": 0.00021807197481393814,
                                                                    "children": {
                                                                        "observation_to_np_array": {
                                                                            "total": 0.0023542549461126328,
                                                                            "count": 16,
                                                                            "is_parallel": true,
                                                                            "self": 0.000249707605689764,
                                                                            "children": {
                                                                                "process_pixels": {
                                                                                    "total": 0.0021045473404228687,
                                                                                    "count": 16,
                                                                                    "is_parallel": true,
                                                                                    "self": 0.0005424423143267632,
                                                                                    "children": {
                                                                                        "image_decompress": {
                                                                                            "total": 0.0015621050260961056,
                                                                                            "count": 16,
                                                                                            "is_parallel": true,
                                                                                            "self": 0.0015621050260961056
                                                                                        }
                                                                                    }
                                                                                }
                                                                            }
                                                                        }
                                                                    }
                                                                },
                                                                "_process_vector_observation": {
                                                                    "total": 0.0004353453405201435,
                                                                    "count": 2,
                                                                    "is_parallel": true,
                                                                    "self": 0.0004353453405201435
                                                                }
                                                            }
                                                        },
                                                        "UnityEnvironment.step": {
                                                            "total": 0.05948434118181467,
                                                            "count": 1,
                                                            "is_parallel": true,
                                                            "self": 0.005361804272979498,
                                                            "children": {
                                                                "UnityEnvironment._generate_step_input": {
                                                                    "total": 0.00020913733169436455,
                                                                    "count": 1,
                                                                    "is_parallel": true,
                                                                    "self": 0.00020913733169436455
                                                                },